latitude,longitude
302822.369,-977437.4779
303045.501,-976813.1692
302316.3585,-977174.6957
303162.6179,-976885.3364
303954.8662,-977321.2703
304411.6729,-976661.7994
301822.3,-978048.7
304125.3,-978495.7
301944.2,-978317.8
301939.3,-978357.6
301943.2,-978353.1
301945.2,-978349.3
301954.9,-978340.1
301954.3,-978339.0
302711.5,-976836.2
303875.0,-976736.4
301691.6917,-978197.48
302262.2,-977552.5
301824.1,-978125.6
303367.3,-976944.8
303163.7,-976885.4
302191.7,-976831.9
302782.6,-977548.9
303116.2,-976660.3
302766.2,-977213.6
304264.5,-977087.8
303719.0,-976962.8
303899.6196,-976468.104
302732.8,-976867.8
303887.5,-977029.6
303648.5,-977216.9
302197.8,-977908.0
302492.3,-977668.0
302707.4,-977273.4
301946.2,-978308.7
303559.2,-976774.5
303563.3,-976783.3
303571.3,-976788.0
303004.1249,-976896.2047
303577.3,-976783.6
303576.5,-976778.8
303574.4,-976767.3
303571.8,-976761.8
303568.7,-976772.7
304410.8,-977742.1
303030.1,-977284.1
303060.4,-977536.6
303837.5,-976619.6
303072.3,-976863.8
303673.6212,-977278.9755
304562.8,-977728.1
303423.6,-977132.7
303910.7,-976963.1
303011.7,-977370.5
303326.3,-977139.9
302243.8,-977881.1
302710.8,-976837.6
302711.3,-976835.8
304600.4,-977725.2
302330.2,-977762.5
302470.118,-977507.0005
304291.5,-977108.1
302735.6,-976868.3
304214.8,-978015.6
301829.7,-978050.2
303654.2,-977165.0
302548.0,-977291.4
303573.8,-976772.0
303573.0,-976781.5
302140.1,-977111.4
303686.0,-976810.2
302912.3362,-977270.0741
304622.1,-978064.5
301741.8,-977981.0
302080.6,-977680.3
302357.2,-978519.5
302996.3,-977757.0
302499.0,-977797.7
303614.3,-977456.3
303606.2,-976860.5
303571.2,-976767.1
303600.6,-976156.8
304106.9228,-977167.8751
303258.1,-976948.8
302539.5,-977126.1
301986.3,-977833.8
303917.7,-977006.1
303021.1,-976852.6
301994.1,-977295.0
303410.2,-977230.6
303023.8,-976440.0
302340.6,-978527.1
303986.2,-976941.8
302264.6006,-976938.0838
303600.7,-976848.0
303805.0,-976982.8
303586.1,-977533.9
302077.3,-977715.0
302401.5,-976821.8
303399.4,-977070.7
303301.7,-977341.8
303807.2,-977040.0
303792.7,-977044.2
302018.7,-977930.4
302354.0032,-977324.2414
302206.8,-978577.8
302389.8,-978531.6
303500.3,-977014.5
303438.8,-976992.9
301913.4,-977986.7
303078.7,-976658.7
301978.1,-978214.3
303789.4,-976946.2
303372.1,-977351.9
303633.4,-977083.1
303298.8108,-977294.8873
302566.6957,-976813.5211
303510.2,-977177.7
304127.6,-976968.9
304019.6,-977017.7
303811.4,-976846.1
303686.2,-977139.8
303654.9,-977325.0
302849.1,-977149.4
302302.3,-977411.1
302114.7,-977374.1
302560.0,-977272.5
302494.6343,-978808.0416
302453.1,-978809.6
302785.0,-977157.4
304167.6,-976845.5
303375.2,-976922.5
303545.9,-977040.8
303749.3,-976941.4
303757.6,-976936.2
302818.4,-977088.0
302587.4,-977462.2
301889.2,-977353.7
304600.3823,-978192.1451
303493.5,-977275.1
303142.1,-976732.6
301939.9,-977813.1
302779.6,-976946.5
302052.1,-978155.3
304576.0,-978000.6
302288.7,-977031.6
303586.1,-977533.9
304191.1,-977643.6
302118.9,-977538.7
301622.8359,-977980.1727
304250.9,-977249.6
303210.9,-977203.9
304473.4,-978050.4
303500.2,-977014.3
302168.8,-977964.7
303261.9,-976890.6
302097.1,-977806.0
303731.8,-977125.4
303788.7,-976596.4
302919.4,-977396.2
303192.8084,-974467.579
301988.1,-977281.1
302901.3,-977465.3
302756.3,-977546.7
303299.9,-977058.7
302005.2,-978108.8
302782.9,-977168.3
302783.2,-977169.9
302484.3,-977761.7
303549.4,-977252.1
302321.2,-977042.0
303411.1794,-977822.4121
303034.9,-976790.6
303512.3,-976728.0
303117.0,-977289.3
302836.9,-977189.2
304019.5,-978524.1
302349.5,-978827.3
301995.3,-977984.3
302226.4,-977821.7
303243.8,-977358.1
302337.5,-977283.5
302531.2166,-977313.1507
302502.1,-977842.0
301727.8,-978261.2
303270.2,-977680.5
301612.4,-978006.2
304267.7,-976864.9
303551.2,-977288.5
303158.2,-976914.3
302572.9,-978948.2
303614.9,-977218.6
301720.0,-976214.3
304419.6928,-976793.2205
303503.2,-977184.6
302839.1,-976896.1
302837.6,-976893.8
303689.3,-977714.8
301738.6,-978170.0
303821.8,-977099.0
301798.1,-977924.9
303521.7,-977194.9
302783.5,-976718.1
301712.9,-977536.1
302532.3172,-977103.2613
302618.7,-977412.0
303093.7,-976811.5
302346.2,-978918.2
302573.5,-977007.5
304167.7,-976856.9
301785.3,-977936.7
303761.7,-976992.7
302417.5,-978871.2
302054.4,-977830.9
303841.9,-976811.4
304200.2534,-976962.9874
301856.5,-976869.6
302263.0,-976805.1
302302.1,-977383.2
302426.0,-977523.5
302851.8,-977518.0
303538.3,-977260.2
303587.7,-977185.3
303677.9,-977329.9
303875.1,-979062.3
304477.0,-978063.9
303134.6102,-977376.0326
304876.6328,-975641.8809
302601.8,-977151.4
302664.1,-977245.5
303610.3,-976876.4
303772.6,-976576.5
303575.1,-976781.5
303685.5,-976761.7
303086.3,-977138.0
302366.4,-978249.9
304014.7,-977043.7
301814.1,-978023.6
302556.9164,-977162.1086
302839.0,-976719.7
302716.3,-977543.4
302229.5,-977220.8
302257.8,-977783.5
304550.6,-978133.3
303558.7,-976767.4
302953.6,-977727.9
303589.6,-977129.2
303563.3,-977509.1
303749.8,-977045.2
303793.1364,-976957.5234
303587.7,-977083.8
304273.9,-977629.3
303343.0,-977303.1
304277.2,-977626.6
302236.1,-977791.6
304277.2,-977626.6
302587.8,-977191.5
302118.8,-978125.7
304615.1,-978056.5
303688.9,-977142.2
303411.2726,-979027.254
302544.1,-977558.7
303534.4,-976959.5
301939.9,-977404.5
301955.4,-977425.6
302838.4,-977048.9
302027.2,-978412.1
301973.4,-977461.7
303106.6,-976857.2
301966.8,-977456.5
303445.4,-977751.1
301524.5932,-978505.7113
303551.0,-977033.7
304077.3,-977480.8
302237.2,-977790.9
302329.1,-977762.3
302237.7,-977789.1
304158.5,-977437.0
303168.6,-976908.0
302490.0,-977758.0
302786.1,-976896.4
301967.4,-977991.6
302458.7313,-977738.0724
302493.4,-977728.7
301955.9,-977573.5
303447.3,-977017.7
303357.6,-977103.8
304166.5,-977193.6
303372.1,-977084.0
303851.0,-977003.3
302583.0,-977620.9
304087.1,-976931.3
303482.5,-977458.3
303808.1128,-978769.5808
302336.7,-978339.3
303570.0,-977043.6
302633.5,-976903.1
302954.3,-977367.1
303417.3,-976923.3
304251.8,-976963.6
303802.4,-977053.2
303809.1,-976709.6
303317.8,-976973.2
303384.8,-977804.5
304111.5399,-976925.2182
303821.0,-977098.0
302877.9,-977218.5
302599.9,-976819.1
302204.5,-977262.3
302301.2,-977308.5
303730.7,-976147.0
302362.9,-976989.7
301979.0,-977985.0
302116.9,-978537.6
302953.4,-977457.4
303520.2305,-976781.6109
303005.5,-977138.5
303174.5,-976746.1
302274.4,-978019.4
302577.2,-977181.6
302034.0,-978116.4
303073.2,-976552.0
302016.9,-978115.8
303193.6,-977178.2
303754.6,-976992.4
303806.4,-977082.6
304250.2788,-977764.6879
303819.8,-977084.1
303974.9,-977016.5
303976.2,-977023.2
303978.7,-977030.4
302363.4,-978957.8
302422.5,-976940.5
301775.2,-978037.6
303299.7,-977417.2
301774.1,-978037.9
302856.0,-976647.6
303991.8427,-976738.2436
303847.06,-979427.9046
302978.3,-976291.4
302455.8,-977334.0
302694.6,-976976.1
303804.0,-976982.0
303763.4,-976990.5
302402.5,-977868.8
302402.5,-977868.8
303674.5,-976817.5
303652.3,-976817.3
303662.5,-976817.9
302995.0896,-976245.309
303235.8,-977536.4
303653.8,-977325.7
302340.5,-977774.2
303943.4,-978691.3
303727.3,-976949.1
303761.3,-976989.2
302988.5,-977533.7
303376.2,-977123.4
303030.7,-977185.3
303093.7,-976811.5
301908.7393,-977450.3942
303062.1,-977355.7
302853.7,-976764.7
302553.4,-977692.8
303614.7,-977796.2
302312.5,-978518.0
303740.2,-977100.1
302671.1,-977392.9
304437.1,-977763.6
301958.8,-977592.8
303889.1,-977030.8
304585.0081,-977901.0594
302841.1,-977208.2
303610.5,-977624.8
302806.9,-977424.3
304162.3,-976955.7
303098.7,-976697.2
302287.6,-976929.7
303878.9,-976968.0
304257.1,-977246.6
302680.0,-976804.6
302545.3,-977563.7
304337.3571,-976933.3191
303139.8,-976690.4
301931.3,-978052.1
301488.8,-977923.1
303676.1,-976806.9
302456.5,-977335.5
303537.1,-977184.8
301845.9,-978313.2
301847.0,-978318.4
304750.9,-978137.0
302224.4,-977356.1
301735.2389,-978025.5861
304549.3,-978129.9
302333.8,-976929.9
302912.2,-977100.6
302392.7,-977301.0
303652.2,-976861.3
302565.1,-977137.5
303742.0,-976673.2
302532.2,-977825.4
301637.8,-977399.0
302294.6,-978575.5
301958.9937,-977374.9529
303402.6,-977104.0
302613.5,-977626.7
301995.5,-978521.5
302487.6,-977402.9
303745.5,-976996.3
303093.7,-976811.5
302472.4,-977473.7
302278.0,-978553.8
302218.1,-978537.5
302847.9,-976770.9
301576.0491,-977829.5068
304535.0,-978088.3
303374.3,-977094.5
303468.3,-976956.9
302340.0,-977281.9
301983.0,-978332.1
302392.7,-978473.6
302976.8,-976862.6
303449.5,-977014.8
303280.7,-976942.4
304603.9,-978054.2
303447.0679,-976780.0897
303630.7,-976701.4
303608.7,-976726.0
303511.0,-976727.8
303219.5,-977285.7
303273.8,-977541.3
303219.3,-977285.3
303051.3,-977171.4
303431.6,-977234.1
303664.3,-978603.1
302826.2,-976872.1
302309.7848,-978192.8208
303061.7,-976765.3
303714.2,-977719.5
302613.8,-977627.1
302911.7,-977240.8
302362.7,-977180.0
302401.8,-979037.8
301871.6,-977460.4
302585.0,-977000.1
303800.8,-977410.6
302682.4,-976968.5
302718.6722,-977318.9002
303177.0063,-978031.6409
302875.4,-977655.0
302506.6,-977418.0
301791.5,-977594.6
303733.0,-977884.1
302836.6,-977483.7
301791.5,-978214.7
303740.2,-977120.8
303533.0,-977250.1
303685.1,-977037.9
304014.7,-977043.7
303861.2151,-976957.5614
301641.0,-978168.8
301642.0,-978174.5
302737.5,-977205.6
302254.0,-977538.8
304339.5,-976860.9
302252.3,-977545.7
303751.1,-976986.7
302841.1,-977208.2
302362.8,-977011.3
304033.7,-977480.0
301880.7128,-977465.5699
303741.3,-976951.3
303758.0,-976974.4
302448.4,-977824.0
303749.8,-977001.3
302914.7,-977475.0
303026.6,-977189.2
301642.3,-978169.2
301715.8,-978163.7
301721.6,-978165.1
301727.8,-978164.0
301954.5588,-977965.9082
301586.2,-978151.2
301577.0,-978136.2
301635.8,-978168.8
303185.2,-977023.8
302600.8,-978997.8
303185.2,-977023.8
303185.2,-977023.8
302011.7,-977968.1
303759.3,-977024.5
303024.6,-977636.7
302583.2511,-977252.9101
302254.3,-977959.6
302255.8,-977959.6
302529.9,-977474.9
302718.9,-976855.8
302547.8,-977237.5
302718.1,-977276.8
302726.4,-976767.6
302884.5,-977145.7
304261.4,-977770.6
302045.1,-977915.0
305161.2116,-979023.3824
302957.5,-976282.3
301940.8,-977810.1
304609.5,-977671.2
302823.4,-977474.8
302824.4,-977474.3
302340.0,-977283.3
303121.9,-976701.3
301942.0,-977784.3
302575.9,-977140.6
303621.9,-976893.5
302072.3688,-977681.4477
303201.0,-977678.3
303839.7,-976703.8
304518.4,-978105.8
303770.6,-977569.5
303537.4,-977029.8
304128.0,-977669.9
303290.9,-977397.4
303506.7,-976917.6
301867.1,-976889.3
302779.8,-977725.0
303262.4224,-976861.0255
303310.4,-976949.4
302781.4,-978256.5
302742.3,-977272.6
302745.4,-977271.6
303331.6,-976883.1
303892.5,-976947.2
303784.8,-976747.7
303926.7,-977044.3
302950.3,-976298.3
302184.1,-977875.7
301804.2262,-977585.7041
302873.7,-977222.8
301853.2,-977814.5
302096.0,-978428.9
303754.0,-976860.9
303749.3,-976669.0
303740.2,-977120.8
302726.3,-976762.5
303013.7,-977097.1
302523.1,-977167.3
301727.1,-978240.5
303283.1598,-976891.721
303017.1,-977170.3
303761.8,-977802.5
303039.5,-977575.7
304262.3,-976901.5
303777.0,-977090.7
303777.6,-977090.8
303771.5,-977099.8
304597.1,-977626.3
301967.3,-977356.4
302589.3,-976939.6
302847.2797,-976898.2867
304812.5918,-977923.7507
303999.7,-976505.1
303757.1,-977866.5
303969.1,-976998.0
301900.6,-977782.3
303350.3,-977144.8
302170.4,-977729.7
303434.5,-977531.6
303504.1,-977218.2
302754.0,-977290.0
302305.5,-978438.7
302104.1302,-978099.8033
303609.5,-977409.3
302281.9,-977326.7
303439.3,-977656.4
303026.6,-977171.2
302815.1,-976901.5
302245.5,-978596.3
304518.1,-978026.5
304051.9,-976450.4
303102.6,-976830.0
303631.9,-977854.7
303401.9846,-977329.2928
302654.4,-977335.0
302823.8,-977605.1
303718.9,-977897.6
302743.8,-976331.7
302210.7,-977450.9
304361.3,-977455.5
304363.8,-977456.0
302220.0,-977837.8
304355.0,-977447.2
303513.0,-977639.9
302011.39,-977895.6568
303930.5,-976591.1
303157.8,-977190.0
302877.6,-976604.0
303108.6,-976522.9
304163.0,-977195.9
304129.7,-977447.7
304164.4,-977196.4
302598.4,-976958.8
304381.2,-977829.3
304389.2,-977515.1
304126.3842,-977086.9787
302285.1,-977215.5
302069.2,-977964.4
302070.5,-977965.0
303594.3,-977138.8
302990.6,-977306.4
302777.5,-976943.8
303335.7,-977308.0
302228.0,-977928.9
302004.9,-978505.1
302730.8,-977137.3
303926.9551,-978255.9526
302004.3,-978524.9
302692.6,-976894.5
303807.0,-977338.6
302252.6,-977822.5
302620.1,-977334.0
304326.9,-977690.5
301857.5,-977859.5
303107.3,-977079.3
302779.4,-977430.4
302005.5,-977536.3
302589.5925,-976955.227
304402.4,-977503.9
303284.8,-977566.2
303320.2,-977580.0
302426.6,-977733.7
303068.2,-977172.5
302987.4,-977297.2
303507.8,-977600.1
302568.1,-977313.7
302820.4,-977068.2
303549.5,-977560.5
304142.5971,-976543.4694
302344.8,-978800.7
303539.6,-977171.6
302981.6,-976871.4
302949.9,-976298.9
302310.6,-978557.2
303277.4,-977383.3
302296.7,-976937.3
304120.3,-977427.7
303060.0,-976789.1
302842.4,-976718.7
303315.6777,-976656.2982
303853.7,-976699.3
303854.0,-976699.2
301828.2,-978155.8
302682.2,-977204.7
302091.9,-977906.7
303131.1,-976651.9
302230.2,-977362.6
302949.9,-976298.9
302619.3,-976738.5
302679.3,-977134.8
302914.7114,-976775.4397
302855.0,-976968.3
302564.2,-977228.0
303742.4,-977119.4
303726.6,-977122.5
303838.0,-977003.7
303686.8,-977811.7
302592.1,-976994.0
302978.7,-977445.8
302006.7,-978514.7
301995.1,-978521.7
302939.0676,-977351.9431
304329.3952,-977741.4535
302958.5,-976283.1
304383.7,-977507.5
304371.6,-977484.9
304198.1,-977511.4
303101.8,-976879.3
304367.5,-977438.4
304368.8,-977438.7
304346.4,-977442.8
304369.6,-977481.4
304121.0,-977922.7
301589.784,-976459.4885
304379.6,-977502.1
304127.3,-977303.2
304144.0,-977939.4
301925.3,-977373.6
303183.2,-976948.6
301887.2,-977544.0
301715.7,-976293.3
302582.0,-977868.7
301698.8,-976309.2
302152.0,-978076.3
303058.5024,-977926.8374
304370.1,-977399.3
302565.4,-977141.5
303775.9,-977090.1
302989.8,-976744.5
302234.8,-978038.9
304264.6,-977947.3
302165.7,-977356.2
303397.7,-976076.7
303697.6,-976668.7
303306.8,-977400.0
303136.8984,-976754.7945
303251.5,-977493.4
302992.7,-977372.7
303642.5,-977617.9
303236.5,-977378.1
303462.5,-977022.7
302476.1,-978251.0
304241.8,-977740.9
304276.7,-977618.5
302655.4,-977173.8
303274.2,-976946.0
303401.7591,-977193.3948
302978.7,-976828.3
303312.2,-978217.6
303699.2,-976932.3
302847.3,-977619.0
303300.7,-977398.9
302702.9,-977473.1
302646.7,-977192.9
302161.9,-977879.3
302247.3,-977348.3
303202.2,-976951.8
303401.7591,-977193.3948
303303.2,-977382.9
303923.3,-977032.7
303551.2,-977288.5
304142.6,-976543.5
302441.2,-977429.0
303513.4,-978656.0
303356.7,-977158.5
303318.1,-977312.5
302006.2,-977976.6
304394.9,-977613.2
303120.9286,-977386.221
303287.1,-976937.0
303595.1,-976927.8
303413.9,-976807.1
302825.1,-977177.1
303844.1,-976950.2
303845.5,-976949.3
302128.1,-977538.0
302382.7,-976968.7
303712.3,-976883.2
303595.0,-976824.5
302805.8253,-975105.7829
303002.3,-977427.2
301879.2,-978297.4
303410.8,-977018.9
302598.2,-977141.7
302183.3,-977560.5
303698.1,-976893.7
302667.7,-977309.5
304677.7,-977845.4
303488.7,-977206.6
301935.7,-977799.8
303306.3274,-977580.9985
301958.7,-978213.8
303135.4,-977042.3
302543.4,-977352.3
302838.4,-976912.7
302911.8,-976990.6
304329.9,-977879.7
303533.9,-976958.4
304314.4,-977863.2
304322.5,-977875.4
304133.4,-977012.4
304170.9073,-976886.3078
304133.9,-977012.0
302152.1,-977819.0
301833.4,-977803.3
301821.0,-977870.5
303907.0,-976589.4
303565.6,-977212.6
303552.6,-977309.2
303537.7,-977260.2
302350.6,-977567.8
302137.2,-976888.0
302693.1012,-977509.608
303344.9881,-977515.424
304191.4,-977293.1
304176.5,-978864.3
302991.8,-977309.3
302655.0,-976965.7
303314.8,-976932.8
301746.5,-978388.6
303630.3,-977615.3
303286.8,-976936.5
301991.5,-978479.6
304231.1,-978015.7
302515.8427,-978871.5118
304154.8,-976939.1
301582.1,-978444.8
302320.7,-977766.3
302949.9,-977383.5
302517.2,-977068.2
302767.4,-977069.4
304292.6,-977172.1
304113.9,-977006.8
304120.0,-977016.2
303350.6,-977108.5
302346.915,-976976.8166
303350.0,-977107.3
302811.7,-976914.2
302062.9,-978540.1
302279.7,-977358.9
303682.2,-977095.2
302413.6,-977169.2
302405.1,-977564.3
301643.8,-978164.4
304301.0,-977166.8
302741.5,-976835.7
304223.4589,-976971.2554
303277.6,-976923.2
303222.8,-977448.2
301970.1,-977919.2
302678.8,-977155.4
302986.6,-976257.0
303756.0,-977866.6
303673.7,-976943.8
302582.6,-977001.7
302893.5,-976710.9
303469.2,-977379.1
301907.3409,-977516.406
303756.8,-977110.1
303303.8,-977396.2
302166.2,-978080.7
302321.1,-977187.4
303141.0,-977496.0
302233.3,-978038.3
302544.5,-977729.5
303010.9,-977743.8
301798.2,-978236.7
303089.8,-977063.9
301767.6604,-978392.5441
302147.6,-978734.7
302378.7,-977711.2
303595.4,-977231.1
303094.5,-977254.4
303709.7,-977091.3
303709.5,-977090.9
302276.2,-977279.5
302339.7,-977282.0
302207.2,-977907.0
302369.7,-978986.6
303096.0392,-977264.7455
302337.7,-977283.3
303544.1,-977460.3
303547.2,-977150.2
302288.7,-977031.6
303340.9,-977300.6
303260.3,-976921.4
302566.5,-977680.0
302683.8,-977412.7
303018.7,-977291.3
303600.7,-976848.0
303245.0857,-979784.2014
302977.0,-976768.9
302018.7,-977496.5
302973.1,-976760.3
304279.4,-977627.9
304279.8,-977627.5
301722.6,-977522.6
301705.3,-977528.0
301536.0,-977397.8
303392.6,-977239.9
303393.5,-977239.3
303774.0504,-977271.2945
301929.5,-977337.4
302787.2,-977150.1
302040.7,-977919.6
302319.0,-977726.2
304132.2,-976992.5
304108.6,-977019.4
301784.0,-978003.9
304106.7,-977018.8
304100.2,-977015.5
302572.6,-977184.1
302550.6167,-977686.9785
301844.1,-978315.8
302010.5,-977970.3
303078.1,-976780.5
302735.4,-976840.4
304119.9,-977019.2
303258.6,-976886.0
303021.4,-977206.4
303146.5,-976673.2
303124.5,-976655.7
302909.3,-977191.8
302718.0239,-977414.4841
302401.512,-976821.7867
302217.0,-978644.0
303863.1,-977066.2
303003.7,-977371.7
303863.4,-977066.0
303063.4,-976802.0
304452.4,-977713.5
302798.6,-977135.6
302133.5,-978135.6
304162.4,-976986.5
303243.6,-977427.5
302233.4841,-977779.6274
303056.2,-977515.8
302357.9,-977750.1
302390.4,-977478.4
304103.0,-977018.2
303609.3,-977375.8
302405.6,-977450.5
301500.1,-978075.2
304570.3,-978094.5
304623.1,-978072.1
302613.8,-976776.6
302710.8436,-976699.7688
302764.1,-976860.4
302491.6,-977551.8
303536.5,-977030.6
303355.3,-977203.4
301652.5,-977449.3
302388.3,-977298.0
302285.1,-977215.5
303008.8,-977409.0
302942.3,-977330.2
302883.3,-977290.6
302560.7426,-977371.7922
302720.5,-977303.8
302719.4,-977301.4
303518.3,-977567.9
302714.2,-977306.9
302714.8,-977301.4
302132.9,-978122.3
304242.8,-977503.1
304435.6,-978185.4
302165.9,-978116.8
302469.3,-977380.2
302498.5761,-977249.0079
303140.9,-977097.1
302560.3,-977246.6
302514.9,-977267.4
302517.2,-977270.4
303552.3,-977288.4
302141.0,-978253.7
303479.2,-976990.1
303473.3,-976135.1
304113.4,-977007.5
302535.9,-977355.4
302119.1989,-978525.6266
303125.9,-976607.3
303438.9,-977395.2
302664.2,-977115.7
304251.8,-977293.6
302666.3,-977115.2
302992.3,-976432.8
301809.9,-978381.1
303701.7,-977123.4
303842.1,-976657.3
302080.5,-978728.8
303672.6162,-976947.1768
302342.8,-978083.1
302610.2,-977140.9
303752.4,-976992.3
301856.9,-977856.2
302839.9,-976819.4
301972.9,-977970.8
303078.1,-976780.5
304244.6,-977233.0
302786.3,-977148.5
302648.4,-977052.0
303504.4666,-977401.9212
302648.1,-977052.2
302680.9,-976845.1
301808.5,-978169.5
304372.6,-977439.5
302526.4,-977263.4
303152.5,-976517.8
303058.9,-976820.8
303007.3,-977416.6
303188.8,-977028.8
304357.2,-977446.8
302637.315,-979191.251
302479.0,-977348.9
303720.3,-976873.7
303159.0,-977191.1
304358.3,-977458.3
304353.6,-977456.3
304354.5,-977457.2
304254.4,-976885.3
303887.9,-976978.0
304349.0,-977447.3
301870.8,-978282.8
301918.6585,-977497.9177
301997.0,-977406.7
301910.2,-979154.6
302012.5,-977803.8
302029.8,-978412.5
302278.1,-978007.9
302888.2,-977044.5
301901.4,-977782.1
302888.0,-977044.6
302182.5,-977778.1
302084.4,-977683.7
302630.7434,-977360.9057
303069.1479,-975644.8421
301991.1,-978267.3
303125.9,-976896.7
301992.3,-978261.6
303716.1,-976875.4
303126.5,-976682.9
301903.1,-978869.0
303017.7,-977191.6
302855.5,-977497.9
302856.7,-977498.5
303939.3,-976611.1
301686.7102,-978437.8049
302854.9,-976790.6
303514.8,-977590.2
304494.0,-977743.8
302289.1,-977982.8
303312.7,-976874.4
302367.3,-977139.0
303559.0,-977030.9
303033.1,-977203.2
302024.5,-978330.8
304497.0,-977901.5
303526.5648,-976915.2138
304422.6,-977529.9
303700.3,-977124.3
303748.0,-976636.8
302855.5,-977485.2
302937.7,-977612.6
303163.7,-976680.4
303244.6,-976953.1
303711.2,-976132.4
303297.5,-977199.5
303833.8,-976995.1
301628.0244,-978152.3397
302547.8,-977717.6
301586.9,-977487.8
302489.1,-977430.1
302160.3,-978367.0
302878.0,-977724.4
303484.6,-977458.4
302574.4,-977141.0
302417.7,-978915.5
302744.2,-977292.4
302089.0,-977730.0
302046.6631,-977674.7551
301503.8,-977801.4
302533.0,-977788.0
303839.0,-977132.6
304278.8,-977625.5
302309.4,-977708.6
302310.2,-977710.5
304610.1,-978052.8
302356.4,-977188.0
303700.9,-976931.3
302480.9,-977855.0
303269.3315,-977317.2571
302875.8,-977188.6
303531.1,-977058.7
302661.9,-976983.4
301578.2,-978435.7
302936.5,-977252.0
302936.5,-977252.0
301551.1,-977889.9
303449.7,-977015.3
304279.3,-977627.1
302743.5,-977164.2
303941.6338,-978855.6733
302858.9,-976967.5
303401.8,-977193.4
302346.0,-977306.2
302586.1,-977049.7
303170.6,-977039.6
301582.7,-978444.8
302023.9,-977918.6
303260.3,-976921.4
302346.0,-977306.2
303976.2,-977023.2
302741.0247,-976852.5955
303086.7,-977307.0
302019.0,-977924.4
303596.7,-976908.9
303242.5,-977372.9
303626.1,-976962.3
301508.9,-978508.0
302179.3,-977924.1
301841.5,-978095.6
303182.8,-976680.4
303526.6,-976915.2
304636.9082,-976943.2125
303879.8,-977045.0
303475.5,-977030.7
303526.6,-976915.2
303650.7,-976861.6
302303.4,-977146.1
301988.9,-977828.6
303705.6,-977070.2
303686.8,-977088.6
303544.4,-977042.8
302515.6,-977439.1
301804.7224,-977584.0165
302602.3,-977887.1
301990.7,-977416.8
302800.7,-977065.1
301872.6,-977807.1
304288.5,-977754.3
301535.5,-977917.9
304193.4,-977292.3
303319.7,-977578.8
303668.5,-978602.3
301883.7,-978430.8
302652.3963,-977438.7418
301751.1446,-977805.8382
304440.4974,-976520.5915
303162.7,-976644.8
303731.6,-976359.6
303736.9,-976665.9
302308.8,-977211.7
302684.8,-977301.6
302432.1,-976934.4
302290.1,-977410.7
304176.2,-977015.1
304170.3,-977011.2
302378.4,-978064.8
302500.2463,-977549.1139
302113.4,-977792.9
301870.0,-978444.6
303067.7,-976697.8
303329.4,-977178.8
302766.7,-977079.5
301535.5,-977917.9
302126.7,-977608.8
304160.3,-976992.0
304171.4,-977013.3
303489.4,-977706.3
304546.5442,-978258.9288
302744.6,-977180.9
304152.3,-976933.9
304151.4,-976932.1
303695.2,-976833.1
302336.9,-978713.2
304276.1,-977072.2
303190.1,-977169.1
302134.0,-977802.8
303175.8,-977176.9
303065.9,-976698.4
302771.239,-976240.7173
303405.3,-977269.2
302211.0,-977792.3
303067.1,-976426.8
303331.6,-976883.1
303690.0,-977044.9
303648.0,-976923.6
302792.6,-977821.5
303657.0,-976131.9
304359.4,-977462.6
302767.0,-977144.6
303364.8975,-976479.2647
302280.0,-978531.4
302816.7,-977100.9
303938.2,-976810.0
302278.4,-978530.2
302571.7,-977181.6
302277.8,-978529.8
303066.6,-977543.9
302265.2,-977212.3
303060.6,-977684.3
303726.7,-976915.5
302293.6777,-977742.8754
302519.9,-977247.9
302692.0,-977288.3
301791.7,-977595.7
301791.9,-977596.8
301793.2,-977597.4
301793.5,-977598.6
302713.9,-977262.7
302996.8,-977120.6
302995.8,-977118.1
303013.6,-977115.7
302302.5088,-977601.617
303006.6,-977141.0
302329.3,-978461.9
303743.7,-977344.9
302168.7,-978283.8
303597.2,-977435.7
301947.0,-977301.8
301945.3,-978341.3
303615.0,-977797.5
302451.8,-977547.4
303172.7,-976651.5
302032.9068,-976393.9263
303259.8,-976885.9
302354.0,-977449.5
302795.8,-977507.8
304964.0,-977716.4
303291.3,-977327.6
302901.2,-976771.6
303331.6,-976883.1
302249.8,-977549.9
302254.7,-977543.9
302257.3,-977543.4
304589.1524,-978185.9711
302375.3,-977812.7
302257.7,-977543.5
303065.2,-976900.7
303250.9,-977444.9
301897.8,-978179.3
302256.8,-977544.6
303622.2,-976893.3
302254.4,-977537.2
301738.8,-978143.9
303603.5,-976445.8
302249.4934,-977646.5612
302254.4,-977536.0
302250.6,-977548.6
302450.7,-977328.7
302779.8,-976945.3
302935.2,-977440.9
302251.9,-977559.0
302255.4,-977542.8
303946.4,-977066.5
302368.3,-978953.0
302382.8,-978912.1
302849.9771,-977418.1664
303480.3222,-977173.0548
302249.9,-977547.7
304200.7,-977606.2
302089.3,-977734.8
302002.0,-977518.5
303671.3,-977036.6
302413.2,-977567.1
302319.5,-977624.7
302250.7,-977546.4
303205.1,-976743.0
301831.2,-977638.3
303436.4742,-976887.6417
304627.1,-978073.2
302762.3,-977178.3
301936.1,-977351.0
301843.4,-978159.5
301909.2,-978214.9
302233.8,-976997.1
303677.3,-977149.2
303544.4,-976191.0
303714.0,-977146.6
303714.0,-977146.6
302831.4924,-980527.9073
303479.4,-977519.3
303721.9,-977299.5
303574.2,-976867.2
303564.0,-977311.8
303723.4,-977056.6
303049.6,-976939.7
303539.8,-977376.4
301771.7,-978267.6
302481.1,-979140.9
302313.2,-976956.7
301809.0131,-978381.8967
301813.9,-978168.1
302921.6,-977191.1
303853.9,-976922.2
303052.0,-977429.8
302377.0,-977279.4
301788.6,-977583.9
301959.5,-977834.2
303257.4,-976890.9
302339.7,-977282.0
303095.9,-976548.9
302256.5418,-977414.8185
303058.9,-976893.5
303443.3,-977394.8
302171.4,-978614.2
303676.6,-977088.1
304182.5,-977718.2
304262.5,-977772.9
302192.7,-978314.8
303562.3,-977207.4
301873.3,-977808.2
302437.3,-977269.2
301809.1472,-978524.6098
302339.0,-977282.5
302902.6,-977328.9
302472.6,-977508.2
301977.9,-977560.6
304430.6,-977962.3
303495.8,-977277.2
302990.1,-977467.6
303662.2,-976987.8
301695.6,-977461.7
302734.3,-976840.8
303732.2712,-977092.8116
303574.4,-977139.1
302726.9,-976809.9
302725.1,-976810.2
302515.3,-976995.8
304289.1,-977754.6
302731.6,-977007.0
301839.8,-977828.3
301978.1,-978225.1
303764.6,-977541.8
302765.9,-977083.9
301558.3805,-976505.7684
304127.3,-977303.2
301951.1,-977580.2
303910.9,-976960.4
303835.6,-976597.4
303779.3,-977532.5
303778.3,-977533.2
303777.2,-977533.8
303766.4,-977540.7
302854.2,-977481.5
302606.6,-976843.3
302773.801,-977544.3742
302841.8,-976930.6
302897.4,-977292.5
301823.0,-977599.7
303739.3,-976563.5
302652.3,-977823.4
304263.4,-977220.9
301939.5,-977472.6
303581.2,-976998.5
301822.7,-977868.0
303271.8,-976920.1
301489.2408,-977807.0544
302937.9,-976429.4
302612.0,-977152.1
302985.8,-976446.9
302932.8,-976314.8
303373.6,-977285.4
302727.4,-977305.5
304105.6,-977018.2
304265.9,-977221.4
301754.0,-978294.2
302748.8,-977239.9
303001.51,-976859.133
303419.9523,-977122.8933
302674.3,-977334.5
301755.4,-978299.3
303173.1,-977797.0
304278.8,-977625.5
304278.8,-977630.7
302447.9,-978429.1
303137.8,-977098.8
303019.9,-977136.0
302480.9,-977456.7
303190.8,-976657.8
301609.4246,-977815.2602
302448.5,-977741.7
304278.8,-977630.7
302555.0,-977712.9
301936.8,-977583.2
302585.9,-976853.0
302794.9,-977199.5
302762.1,-977161.7
302946.7,-976269.7
302821.1,-977185.0
303263.6,-976949.9
303528.4643,-975113.2155
301630.5,-978173.6
301515.4,-978171.0
303078.1,-976780.5
302248.4,-977420.0
303334.1,-976920.2
303629.6,-977860.5
303542.7,-977045.0
303993.1,-977019.4
302338.5,-977282.8
302027.8,-977113.7
305009.8029,-976317.0639
303307.2,-977250.5
301920.4,-977848.6
303546.3,-977040.2
302295.1,-977181.2
302991.4,-976844.8
303087.1,-976702.9
304608.9,-978009.0
302359.9,-978798.4
302351.7,-977676.6
303152.7,-977145.8
302269.5573,-977406.7908
302288.7,-977031.6
302839.1,-976788.5
302606.8,-976781.6
303176.3,-977691.4
301741.7,-978092.6
303258.1,-976948.8
303041.8,-977137.2
302748.4,-977171.7
303719.8,-976992.2
302205.6,-978028.0
301828.8437,-976113.6582
303348.9,-977419.0
304262.9,-977901.3
302950.3,-977440.6
302948.4,-977296.7
303376.9,-977216.6
301739.9,-978268.6
301820.2,-977870.4
301965.6,-977299.9
302064.4,-977939.6
301800.5,-978333.9
302927.6742,-977140.8183
303951.6,-977075.5
302564.2,-976952.9
301578.9,-978169.6
303019.4,-977147.7
301972.9,-977967.8
301960.3,-977566.4
302128.4,-977607.7
303133.7,-977040.1
302065.7,-978114.3
304463.7,-977666.8
302043.8919,-978597.2332
302043.4,-978300.4
301923.4,-976988.0
303433.1,-977342.7
303455.0,-977466.1
301971.4,-978412.3
301922.0,-976663.7
302839.0,-976719.7
302080.8,-977985.3
302125.0,-977846.7
303134.9,-977547.2
302562.7989,-977246.6447
301960.4,-977589.2
304494.4,-978157.0
303526.6,-976915.2
302852.2,-977451.1
302665.6,-977149.6
301957.0,-977418.3
302998.3,-977113.1
303432.8,-976760.3
303003.2,-977134.7
303343.4,-977259.2
302619.559,-977080.6743
302017.7,-978115.4
301763.2,-978413.2
303629.6,-976770.7
303624.0,-976758.9
301949.7,-977426.4
303560.1,-976917.0
302000.8,-977288.4
303888.8,-977028.0
303859.2,-977034.3
303176.9,-977222.5
302720.5402,-977592.5263
302467.4665,-978873.2388
302023.9,-977918.6
301836.3,-978060.1
302935.8,-977252.7
302967.7,-976774.2
302658.8,-977191.2
303826.9,-976958.6
304586.8,-978207.3
304293.5,-977723.9
302971.6,-977197.4
303909.9,-976915.9
302160.1392,-976378.2234
301980.2,-977896.9
301916.4,-977342.7
302685.0,-978049.6
302257.2,-977414.4
302389.2,-976942.8
302268.9,-977407.2
302139.0,-978269.1
302200.2,-977904.4
302854.6,-977481.8
303616.9,-977254.2
303115.9307,-976853.6676
302208.7,-977447.4
301825.9,-977866.5
302650.7,-977024.3
301883.3,-978432.5
301802.2,-977930.9
302780.1,-977192.7
303349.6,-977162.1
302293.6,-977389.5
302203.9,-977858.6
301509.0,-978169.6
301927.8306,-977503.2682
301512.7,-978174.9
301563.0,-978144.0
303645.1,-977001.4
303451.0,-977017.9
302148.8,-978485.2
303720.3,-977155.4
302487.9,-977870.8
303685.1,-977037.9
303701.5,-977060.2
302392.7,-977301.0
304340.3354,-977096.457
303347.6,-977164.1
303303.2,-977329.5
303543.4,-977252.9
303444.1,-977843.1
302856.4,-977013.5
303456.2,-977998.7
302734.7,-977552.3
303116.0,-976751.8
304604.9,-978195.6
303372.6,-977280.6
302286.518,-977588.0475
304513.6,-977817.7
304516.7,-978201.5
303926.0,-977042.5
302411.3,-977657.7
302373.2,-978069.8
301986.8,-978003.6
304327.1,-977725.4
303697.1,-977062.9
302885.9,-976993.9
303728.9,-976833.8
304450.9016,-977645.1042
302546.4,-977177.0
302127.6,-978094.4
302623.4,-977149.3
302620.3,-976856.8
302623.2,-977139.0
303494.6,-977322.3
302578.9,-977001.1
303707.3,-977019.3
301413.5,-978067.4
301741.4,-978093.9
304431.5008,-977644.7705
303112.1,-976996.8
302019.7,-977834.5
302977.8,-976876.1
303023.8,-977298.7
304119.0,-977533.3
302031.3,-977956.3
303146.3,-976710.1
301987.9,-977829.4
302172.0,-978851.6
303125.9,-977305.7
303192.7126,-977124.3475
301942.3,-977440.0
301918.2,-977872.8
302433.1,-976933.1
302523.6,-977734.2
303047.2,-976811.0
304526.5,-978066.2
303774.3,-977081.3
301784.3,-977630.6
301993.9,-978126.8
302176.8,-976833.0
303011.0818,-976406.1401
303819.3,-977407.3
304120.5,-977000.9
302872.5,-977205.8
303133.7,-976963.4
304070.8,-976974.7
303197.8,-976685.7
303692.4,-976660.8
302214.8,-977725.4
302224.3,-978618.3
302938.9,-977613.5
302388.0184,-977195.5612
303988.0872,-976668.4101
303334.2,-976115.5
303559.0,-977030.9
303658.3,-977117.5
303350.4,-977116.0
303749.1,-977080.3
303262.9,-977290.1
302005.8,-978054.1
302624.1,-977635.3
302981.6,-976871.4
302393.2,-978493.2
302313.1623,-979301.1358
302327.2,-977290.1
302355.5,-978571.2
303840.8,-977604.2
302314.3,-977254.1
303791.4,-977588.8
303199.6,-976929.8
303672.6,-976944.1
303066.3,-976698.3
302265.2,-977212.3
303144.5,-976661.6
304411.5765,-977811.1282
302720.0,-977182.3
302699.8,-977176.5
302699.7,-977177.8
303915.0,-978027.3
301792.9,-977979.0
302048.4,-977770.8
303059.6,-976560.0
303632.7,-977014.1
302798.9,-977210.9
302586.5,-976857.8
302736.9475,-977554.8289
302496.4,-977591.8
302267.1,-977699.6
302703.3,-977624.8
303855.5,-976780.5
303670.0,-977051.4
303513.4,-978656.0
302440.8,-978908.2
301848.3,-977589.4
302084.5,-978122.4
302995.5,-977768.0
302804.2474,-977113.8611
302152.2,-978698.2
301997.8,-977287.0
302230.5,-977362.1
302501.8,-977741.9
303025.5,-977209.0
303025.8,-977209.6
303025.7,-977209.3
302534.8,-977587.2
303451.9,-977813.3
302882.2,-977514.3
302113.8179,-977809.4711
302113.4,-977675.5
303646.7,-977004.8
302093.9,-977677.3
302285.7,-976912.7
303573.2,-976802.4
302624.7,-977153.0
304563.9,-978111.6
302280.5,-977894.6
303560.3,-976824.7
302723.6,-977170.9
301970.6704,-977607.0432
302080.2,-977683.3
303275.9,-976771.3
303293.7,-976903.5
303677.7,-977148.9
302981.6,-976871.4
303375.2,-976922.5
303731.3,-977587.3
302867.9,-977439.1
302766.4,-977504.5
303582.7,-977511.8
304389.2806,-976503.3447
302200.8,-978586.8
302036.9,-977883.0
303560.3,-977079.4
304589.7,-978162.3
302498.6,-977712.6
303216.1,-977393.8
301833.6,-977619.1
303847.7,-976928.4
303332.4,-977177.9
303230.6,-977229.5
302269.5573,-977406.7908
304154.5,-976825.5
303863.5,-976959.2
303218.9,-978345.4
303495.4,-977031.0
301920.5,-977935.0
302362.7,-977180.0
302515.5,-977823.0
302328.7,-976948.0
302542.5,-977817.3
303712.8,-977083.9
304340.6783,-976769.5787
302961.3,-977365.5
302961.7,-977366.3
303953.9,-977082.8
301549.2,-978325.1
303066.3,-976698.3
303721.7,-977154.1
302881.1,-976624.4
301840.3,-977592.8
303060.4,-976989.7
302297.3,-977962.0
302862.1435,-976788.4169
304192.3286,-976581.4854
301924.7,-977848.9
304047.9,-977477.8
303257.8,-977396.8
303251.5,-977269.2
303866.2,-977541.4
302010.9,-978512.8
301826.9,-977949.4
302861.1,-976646.5
302326.2,-977839.5
302060.4,-977619.6
303721.999,-976229.0998
303311.6,-976835.5
302133.0,-978362.4
302152.6,-978367.7
303833.0,-979130.3
302158.7,-978369.1
302362.7,-977180.0
303525.2,-977005.7
302343.4,-979111.4
302960.7,-978297.0
303561.9,-977233.0
302432.5523,-977250.1301
302187.2,-977957.9
302967.6,-977420.0
301735.5,-977999.5
302925.4,-977449.5
301941.3,-977421.4
302056.5,-976353.3
302735.2,-976840.2
303210.4,-977418.5
303096.3,-977124.3
301888.8,-978223.8
301552.8018,-977428.7554
302954.4,-976280.3
304210.1,-977214.2
302781.6,-977721.5
302402.4,-977639.2
303039.8,-977218.5
303607.4,-977151.3
302807.2,-976761.2
302306.7,-977622.3
302274.5,-977655.7
303869.4,-976975.9
303571.2256,-976886.815
303226.9,-976768.2
303579.6,-977021.3
302478.0,-977386.4
302972.8,-977328.9
302675.5,-977346.7
301943.2,-977797.3
302577.2,-976830.6
303223.8,-976808.3
304208.3,-977535.2
301955.7,-977888.7
301650.2328,-978506.2556
302734.1,-977011.7
302660.2,-977435.1
303537.6,-977528.5
302359.2,-976984.2
303103.6,-977495.0
303685.1,-977037.9
303065.9,-976698.4
302770.3,-977124.6
303467.6,-978506.8
302164.6,-977831.8
302933.3567,-977730.9
302889.5,-977493.4
301689.5,-976289.9
304086.0,-977477.9
302282.4,-977354.0
303093.7,-976811.5
301699.1,-977470.9
303709.7,-977091.3
303581.2,-976998.5
303673.6,-977279.0
302393.6,-977682.6
303373.6717,-977522.049
302576.6,-978339.1
304530.4,-977970.2
302284.9,-977069.3
303604.5,-976916.1
302199.1,-978656.0
301959.7,-977565.3
301960.7,-977567.7
302398.6,-977273.4
302478.1,-977541.4
303016.8,-976510.7
304285.0387,-976649.2869
302354.5,-977860.5
302680.0,-976958.1
302567.2,-977236.4
302522.8,-977706.1
304020.3,-977018.8
303258.1,-976948.8
303753.5,-977112.3
303518.8,-977583.4
301587.8,-978395.7
303559.0,-977452.6
303167.512,-976234.7286
302496.4,-977582.3
302569.4,-977732.4
303135.7,-976721.9
304202.4,-976805.6
303400.8,-977115.0
304120.3,-977001.0
303089.2,-977062.5
302265.2,-977212.3
301909.2,-978214.9
301897.8,-978179.3
302367.8345,-976943.5611
304664.2591,-978176.5506
302618.4,-977167.0
302097.5,-976924.8
303723.1,-977567.3
302735.5,-977566.9
303740.4,-977040.6
303732.2,-977039.1
303615.0,-976944.3
301550.2,-976491.2
302732.6,-977296.6
301787.6,-977584.4
302530.5481,-978463.0943
301788.5,-977583.5
303058.6,-976788.5
303033.5,-976388.8
303678.4,-977073.1
302398.3,-977728.8
302699.5,-977179.1
303819.3,-977407.3
303908.1,-978023.6
303623.1,-976849.9
303593.3,-977148.4
301956.6815,-977888.0184
302008.1,-978290.8
302007.8,-978293.6
304252.8,-977071.8
303678.6,-977135.9
303933.9,-977039.8
303005.2,-977526.3
303274.2,-976946.0
303108.7,-976577.7
303015.2,-977450.4
303021.1,-977441.4
303586.1735,-977531.4456
303016.6,-977452.8
302321.5,-977595.9
302419.8,-977411.8
303672.6,-976944.1
304070.8,-976974.7
304043.3,-976521.7
301599.4,-978151.7
301848.1,-977860.5
302733.8,-977045.0
303213.7,-977228.7
302381.2896,-975870.8686
302824.1,-976798.8
301829.3,-978201.3
302575.3,-977642.3
304585.0,-977901.1
302436.2,-977269.9
302752.5,-977602.2
302815.6,-977572.9
302302.3,-977948.9
303750.3,-976682.7
302072.1,-977927.4
302781.6518,-977549.4898
303433.1,-976736.0
303828.2,-977106.0
302699.9,-977176.2
303460.2,-976966.7
301738.3,-978395.6
302083.6,-979734.0
303670.4,-977313.6
303704.9,-977329.6
303526.7,-976920.1
302781.9,-976928.5
303730.9515,-976835.7011
302313.7,-977808.7
304397.1,-978106.9
302498.1,-977795.6
302500.3,-977791.8
303129.1,-976705.5
302812.7,-976608.6
302812.6,-976608.2
304131.6,-977249.3
302862.7,-977081.4
301990.7,-978269.0
303107.5946,-976945.3453
301987.8,-978272.2
304155.3,-976827.2
302504.5,-977492.9
304359.9,-977455.8
304323.8,-977180.8
303615.2,-977271.2
302040.2,-978119.2
303818.8,-977108.2
301978.3,-978266.1
303529.7,-976128.3
301767.072,-978011.0428
302516.2,-977461.3
302984.5,-976424.7
301604.9,-976491.8
302660.0,-977143.8
301760.8,-978276.2
301548.1,-976507.0
303965.8,-978025.1
302109.4,-978479.5
303490.5,-977217.4
302734.5,-976819.2
303860.0172,-977055.9969
303832.8,-977112.7
303192.1,-976836.6
303181.3,-976860.4
303622.7,-977272.4
304139.7,-977224.4
301546.0,-976503.5
303461.4,-976956.6
303559.3,-977636.4
304347.3,-976881.1
301840.2,-977924.9
302182.8193,-976904.9441
301943.1908,-977448.3454
302121.6,-977707.6
301904.8,-977565.0
303925.7,-977082.9
303626.1,-976373.9
303885.4,-977101.1
302385.8,-976936.9
302931.6,-977297.6
302266.7,-978052.7
303549.4,-977521.3
303204.9,-977125.3
304140.1222,-977747.7036
303458.2,-977040.4
304575.8,-977970.1
303229.2,-977241.2
303974.7,-977047.9
301552.4,-976502.9
303661.3,-977465.6
303685.1,-977037.9
302350.7,-977146.0
302898.1,-977492.6
303156.2,-977339.7
302931.0208,-977404.1292
303543.2,-976858.4
303721.3,-977031.7
303179.3,-976862.2
303052.7,-976950.1
303017.9,-976857.1
302377.2,-978062.4
302752.9,-978249.2
302844.4,-977505.5
302849.1,-977505.1
301914.4,-977898.5
303562.2847,-977555.4971
303562.7,-976117.2
303721.9,-977031.4
303272.4,-976918.6
301775.1,-977634.6
302340.6,-978707.2
303774.7,-977007.4
301889.4,-977524.9
303322.6,-977343.5
304608.9,-978009.0
303928.3,-976763.9
304583.9889,-974753.3076
303325.3,-978288.9
303831.4,-979132.0
303835.1,-979133.9
304263.7,-977902.3
302482.6,-977395.0
303958.8,-976994.4
302431.7,-977191.2
303817.8,-977032.2
303876.9,-976521.8
303495.4,-977031.0
304964.4993,-977844.8121
303306.5,-977071.3
303001.2,-977385.6
302316.4,-978580.1
301890.3,-977526.4
302336.7,-977319.0
301989.2,-978256.1
302200.2,-976999.6
302296.0,-978465.0
303678.6,-977073.5
301898.3,-977896.9
303119.8084,-977210.3675
302427.4,-978898.8
302060.9,-976419.1
302354.1,-977248.0
302353.1,-977247.4
303066.6,-976458.0
302590.0,-977561.5
302433.4,-977523.9
301600.6,-977442.3
301600.8,-977442.7
303721.7,-976829.1
303484.2401,-977041.4835
304362.5,-977637.1
302105.6,-978169.7
302335.5,-977775.8
303629.3,-977119.4
302662.9,-977157.5
303876.3,-976553.9
303295.6,-976856.4
303331.6,-976883.1
302744.2,-978192.7
303656.0,-977234.6
303877.118,-976985.8415
303034.5,-977521.4
303697.8,-977170.8
302497.1,-977729.1
302752.8,-977230.7
303181.5,-977162.6
304263.0,-977090.4
302451.8,-977303.3
303698.3,-976147.9
303910.5,-977049.9
302043.2,-978422.7
304717.6311,-977847.3672
303675.7,-976944.0
302392.8,-977302.3
302343.2,-977240.8
302060.1,-977619.8
303108.1,-977010.7
302325.3,-977754.4
303425.5,-977262.3
302265.2,-977212.3
303703.7,-977329.7
302780.4,-977146.1
302301.0094,-977063.0525
303534.708,-976981.1207
303644.7,-977065.4
302140.7,-977112.7
303515.5,-978647.8
302277.5,-977403.3
302233.6,-977976.6
302466.4,-977568.2
303463.2,-977548.6
303503.2,-977184.6
302701.1,-977180.4
302449.1,-977593.1
303576.1856,-976770.5654
303800.6,-977078.4
303104.0,-977496.0
302988.2,-977347.2
302408.9,-976924.7
302693.6,-977163.5
303910.6,-977697.2
302348.3,-977705.6
303868.3,-977065.9
302044.6,-978688.6
301939.1,-977579.4
302652.1621,-977161.898
304254.7,-977071.3
303089.8,-977063.9
303543.4,-977359.6
303312.7,-976874.4
303097.1,-977277.9
303575.0,-976761.3
303548.1,-977150.5
301760.7,-978274.9
303543.4,-977252.9
301982.4,-978102.9
304510.8063,-975539.5517
303359.2,-977254.5
302791.3,-977589.5
303098.7,-977556.8
302579.8,-977360.9
302564.3,-976838.7
303559.2,-977033.1
302878.4,-976709.1
302310.6,-977358.4
302546.9,-977547.4
303329.1,-977400.9
302544.0417,-978958.1447
302835.0,-977152.4
303155.1,-976540.5
302514.2,-977265.7
302203.2,-977810.9
302587.5,-977757.0
301950.0,-978295.8
302549.3,-977371.8
302133.9,-977802.6
302356.4,-977188.0
302288.0,-977841.2
301792.8347,-978075.1072
303190.5,-978171.5
301998.9,-978474.3
304358.5,-977860.9
304073.5,-976856.7
301969.4,-977441.2
303942.1,-976712.3
304350.5,-976968.0
302906.3,-977283.9
304290.5,-977131.0
303891.7,-976932.6
302325.6775,-977213.4066
303093.6,-976553.0
303503.2,-977184.6
302228.4,-977318.3
302412.2,-977262.9
302506.8,-977702.6
302008.6,-977977.3
302720.4,-977580.6
302368.8,-977658.6
303310.4,-976949.4
303580.6,-976994.0
301943.1908,-977448.3454
303260.7,-976890.8
302265.2,-977212.3
303543.4,-977359.6
302313.0,-977170.1
302335.1,-977681.6
301926.5,-978003.7
302767.5,-977081.5
302064.0,-978002.6
303491.7,-976963.6
302328.4,-977767.5
304297.9195,-979258.6338
301840.2,-977924.9
301977.4,-977018.6
302008.9,-976923.4
303002.1,-976858.9
301868.4,-977725.4
302945.2,-976853.5
302950.5,-976298.0
303287.1,-976937.0
304376.7,-977610.6
303503.1,-977440.9
303966.909,-977009.5467
302126.7,-978121.8
302958.6,-976278.3
303186.0,-976790.4
302973.1,-976286.1
302732.0,-976906.3
302793.3,-976438.3
304396.9,-978107.0
302145.8,-978118.3
302116.6,-978063.1
302826.4,-976937.0
302049.3874,-977747.991
303964.0062,-977051.7837
302236.5,-977344.8
302277.0,-977361.7
302277.1,-977360.3
302277.1,-977358.8
302096.3,-978015.9
302689.5,-976981.5
302038.1,-976851.6
303948.3,-977541.0
302999.6,-976896.4
302792.5,-977703.0
302223.6158,-977858.1874
302400.4,-976938.7
302044.0,-978688.3
302829.8,-976816.7
302819.8,-977209.8
301995.5,-977404.4
302702.2,-977176.5
302951.9,-977334.8
303536.6,-976987.6
304185.8,-977221.8
303100.8,-977278.7
302037.2673,-977533.2265
302075.2,-977679.4
303158.5,-977184.9
302470.7,-978884.4
304148.0,-977408.1
302288.7,-977031.6
303150.2,-976774.2
302661.5,-976888.2
302174.0,-978093.7
302611.8,-977355.0
301933.4,-977916.6
303790.7856,-976924.4619
302576.8,-977533.3
304589.7,-978197.1
303580.3,-976800.5
302968.5,-977428.3
303763.4,-977107.3
303281.6,-979260.1
302110.8,-977677.5
304512.4,-977967.0
302607.1,-976986.1
303461.5,-977040.1
302547.9396,-977106.1843
303170.6,-977039.6
301589.4,-978020.8
303711.2,-977374.7
303458.1,-976961.5
302070.4,-977970.0
302034.8,-977789.5
302347.4,-977667.3
304372.1,-977765.2
302890.4,-977496.0
303129.2,-977103.1
302216.1409,-977744.0369
302969.8,-976846.6
301976.3,-978553.8
303023.9,-976420.4
301789.5,-977572.2
301788.9,-977571.1
302117.1,-978245.9
304425.9,-978110.0
303822.0,-977098.8
303424.5,-977793.8
302554.9,-977208.9
302405.6887,-977251.5223
303000.9,-976788.6
302252.8,-977640.5
301553.0,-976492.7
303291.0,-979249.4
303290.8,-979249.4
302904.1,-977329.5
302529.0,-977246.9
302775.7,-977569.4
303429.2,-977348.1
302430.9,-978907.4
301547.8467,-977428.3916
303103.7,-976832.1
302078.5,-978177.3
303274.2,-976946.0
302277.2,-977091.0
302360.3,-976935.3
301924.8,-977821.4
302571.3,-977180.4
301767.4,-978168.5
303136.1,-977380.4
303084.1,-977411.1
303343.7444,-978188.6937
301927.5,-977460.1
302419.0,-978914.0
303798.1,-976861.2
301929.8,-977866.5
302957.3,-977450.8
302182.1,-977877.0
302462.1,-979152.0
302757.6,-976935.0
302011.6,-977530.8
302903.1,-977330.1
301979.0172,-977836.3957
302988.1,-976760.4
303000.8,-976757.2
302325.9,-977765.2
302841.1,-977208.2
303311.2,-977215.5
302235.4,-978040.1
302881.3,-977545.0
304342.2,-977817.3
301612.3,-978007.8
304685.5,-977845.1
302198.0866,-976867.7894
303218.5361,-976949.5561
302604.0176,-977136.6062
302867.0,-977042.4
303242.1,-977425.3
303986.9,-976645.6
302955.5,-977306.9
302864.9,-977563.4
302308.2,-977018.7
303757.3,-977109.8
303541.8,-977249.4
304240.2,-977619.5
304174.6,-977708.5
303403.917,-975313.211
301991.5,-977444.2
303292.4,-977341.3
304166.8,-976943.9
303226.8,-976767.9
302595.9,-977318.9
303588.3,-977805.1
302699.8,-977168.7
303025.8,-976975.8
302325.7,-977213.4
301630.2,-977437.5
302533.5795,-976925.6655
301988.2,-977298.0
302168.4,-978082.7
302900.6,-976585.4
302213.1,-977614.0
302806.2,-977591.4
302680.0,-976958.1
302207.5,-977017.8
302902.3,-977291.0
301920.2,-977842.7
301557.1,-977374.3
304142.5971,-976543.4694
303315.7,-976656.3
302032.2,-977958.2
303045.4,-976441.5
303168.3,-977162.0
301790.5,-977935.5
302139.6,-977941.6
302262.3,-977233.1
302347.6,-977588.4
302605.6,-977346.9
302580.6,-977363.2
301771.2174,-978280.3388
302544.2,-977352.1
302256.7,-977519.4
303089.2,-977062.5
302865.1,-977005.6
303570.9,-977598.9
302547.0,-977580.7
303355.3,-977203.4
303665.6,-976849.2
302764.6,-976877.1
302808.3,-976826.4
301772.8422,-978221.4897
302362.7,-977180.0
302189.5,-977851.5
302940.0,-976277.7
302421.4,-977304.4
303286.8,-976936.5
304190.9,-976806.9
301920.1,-978799.0
303417.6,-977073.0
303610.1,-977270.7
303611.1,-977273.2
302838.7997,-976731.7143
301610.2,-977824.9
301748.4,-978368.3
302833.4,-977251.6
302037.6,-978172.2
301897.8,-978179.3
303008.2,-976867.7
301954.5,-977930.1
303097.1,-977277.9
303096.7,-976553.2
302907.7,-977332.3
302221.1762,-977353.3919
302680.0,-976958.1
301575.2,-977476.2
302999.6,-976896.4
302707.8,-977283.0
304272.0,-977719.3
303579.3,-976861.3
302829.2,-976601.4
302817.2,-976776.2
303399.1,-977209.7
303334.9,-977308.8
302424.7305,-977611.0785
303270.9,-977161.2
302110.7,-977903.9
303737.3,-976684.8
302158.8,-977850.9
302647.8,-977612.7
302038.0,-978313.4
302802.5,-977602.2
304462.5,-977728.0
302676.1,-976836.8
303465.0,-977166.6
303645.3599,-976786.2467
302279.5,-977033.3
303412.8,-977223.5
303684.6,-976893.5
302755.1,-977121.4
302462.3,-977549.1
302616.2,-977134.8
304070.8,-976974.7
302969.8,-976882.7
302112.7,-977820.7
302468.9,-977475.0
303897.923,-977443.1086
302838.0006,-977136.0179
303445.0,-978743.1
303452.5,-978736.5
301755.3,-978497.3
303339.9,-976943.6
302836.9,-977054.4
304126.1,-977298.8
302869.8,-977134.1
302932.9,-976301.8
302587.5,-976723.6
302078.5,-978559.2
302305.8195,-975901.7775
302735.1,-976840.0
303185.6,-977160.0
302267.5,-977819.5
302263.5,-977822.2
301509.0,-977976.6
302228.3,-977928.7
304412.4,-977535.8
302298.2,-977267.5
302725.2,-977275.0
304146.5,-977303.2
302316.139,-975902.7903
302356.4,-977188.0
303322.6,-978206.7
302940.8,-977440.3
302264.3,-977890.2
303744.8,-976916.4
302080.4,-977890.3
301869.3,-977459.3
302199.3,-978656.1
302308.4,-977336.1
302352.5,-977289.9
302977.8715,-977592.1397
303755.6,-978085.7
304214.7,-977547.3
303167.1,-977032.5
302726.9,-976869.2
302931.6,-977213.6
304575.8,-977970.1
302738.1,-976782.0
302839.9,-976800.3
303962.3,-976542.3
302827.0,-976768.8
302765.9092,-976371.7585
302710.6,-976792.1
302711.0,-976792.9
303539.5,-977527.3
304405.4,-977992.2
302715.1,-976959.2
302901.8,-976718.0
301949.8,-977426.3
304855.5,-977704.3
302991.3,-977615.8
302108.8,-978093.5
302194.35,-977696.6345
303343.8,-977072.2
304104.4,-977450.4
303533.8,-978609.6
303799.4,-976745.3
304070.8,-976974.7
304361.8,-977795.1
303589.1,-976869.6
304250.8,-977721.4
301699.8,-977451.2
301705.1,-977470.4
301557.1995,-978160.8104
301732.8,-977475.0
301693.8,-977408.0
301697.8,-977420.7
301721.2,-977522.0
301907.7,-977482.7
302673.8,-976869.2
302465.3,-977694.8
302233.3,-977976.4
302232.7,-977977.4
302354.7,-977248.3
302113.8179,-977809.4711
302227.1,-978045.3
302335.1,-977543.6
302325.9,-978567.8
302204.8,-977811.3
302309.9,-978732.2
302339.9,-978691.6
302018.7,-977836.8
302015.4,-977814.4
302017.0,-977820.1
302017.4,-977821.8
301420.9755,-977893.2821
302018.1,-977823.4
301736.4,-977444.7
304251.1,-976928.7
303305.0,-977378.6
303798.1,-977021.8
303775.3,-977025.5
302234.4,-978851.5
303699.4,-977123.4
304393.0,-977664.5
302653.3,-977182.4
303834.2521,-977240.8302
303707.6,-976879.6
302408.4,-977810.7
301688.8,-977389.1
303604.5,-976740.6
303524.2,-977006.3
303525.1,-977005.4
303776.8,-976998.6
303578.5,-977624.6
303699.2,-976932.3
302432.5,-977612.0
302785.6494,-976895.8866
301726.1859,-978662.6934
302298.0,-977647.2
303098.8,-977480.1
301739.5,-978496.2
302116.1,-978380.6
303587.7,-976935.5
302117.9,-977756.2
302479.4,-978260.0
302998.8,-977364.0
301942.2,-978148.6
302191.5,-977756.5
303403.4779,-977057.0272
303865.2,-976629.4
303868.3,-976648.6
301800.8,-977941.7
302972.7,-977356.2
303758.6,-977177.0
303449.5,-976741.8
303453.0,-976739.5
303109.9,-976678.8
302997.8,-977449.9
302759.9,-977662.7
301586.2647,-977824.1335
302971.6,-977463.9
302279.3,-976979.4
303430.7,-976906.6
304201.3,-977158.2
303056.7,-976793.3
302985.6,-976459.3
302938.8,-976309.4
303311.2,-977215.5
301698.3,-977509.9
303418.7,-977610.4
302351.4514,-977300.1663
303720.0,-976871.5
302245.0,-978017.9
302310.1,-977800.2
301791.0,-977534.8
302966.2,-976278.6
302777.8,-976941.4
301777.7,-977648.5
301781.0,-977660.4
301785.1,-977659.4
302947.2,-977288.4
302926.2105,-977156.4209
302114.1,-978086.8
301772.0,-978457.0
302495.4,-977654.7
301812.2,-977496.0
303447.0,-977019.2
302767.0,-978209.5
302042.1,-978323.0
302045.2,-977991.6
303404.3,-977195.6
302815.4,-976817.9
304455.0761,-976831.9046
303496.2,-977329.2
303531.2,-977404.5
302729.4,-977545.6
303639.2,-977395.9
303293.1,-976545.7
302449.3,-977279.8
302684.5,-977274.5
303475.7,-976109.8
302735.1,-976856.1
302804.8,-977481.9
302347.5604,-976975.5181
304130.0,-977714.6
302903.8,-977591.7
302851.9,-977605.8
302197.0,-978651.9
302997.7,-977067.0
303773.5,-977294.2
302353.4,-977448.4
301739.9,-978140.3
304341.0,-977815.3
302100.2,-977272.4
303861.0457,-979298.9837
303281.1,-976926.1
302025.2,-977975.0
301981.8,-977478.2
303121.5,-976694.4
302778.1,-977196.8
302053.6,-977955.6
302062.5,-977949.9
301613.7,-978160.1
302791.9,-977171.7
302278.6,-977401.2
301945.8199,-977388.9544
302719.4,-976814.1
303080.9,-976716.3
303589.1,-976856.6
302956.1,-977427.7
302857.3,-977101.5
302619.8,-977021.3
303796.2,-976955.6
303093.7,-976811.5
303094.4,-976960.1
303186.5,-976966.5
302881.954,-975220.07
303116.4,-977315.7
302973.7,-976842.3
302902.0,-977476.9
302667.6,-977417.7
303521.2,-977000.2
303522.2,-976999.6
302313.0,-978462.9
302798.3,-977161.5
301992.7,-977814.3
302341.3,-976966.6
302638.3459,-977319.4487
304120.948,-976988.1051
303824.6,-976955.3
303940.7,-976603.5
302691.4,-976969.2
303404.3,-977195.6
302383.2,-978997.8
302669.7,-977179.2
302326.5,-977754.1
303188.8,-977028.8
302355.0,-977861.7
302308.3,-977607.4
302577.3145,-977314.3083
302465.4,-977601.3
303111.6,-977304.9
302707.7,-976922.9
303089.8,-977063.9
302337.5,-977283.5
303624.2,-977403.5
303754.0,-977111.9
303216.6,-977077.8
301761.4,-977493.9
303762.5,-976882.9
304427.3759,-976528.2602
301922.0,-977337.4
301687.6,-977491.7
303077.3,-976744.6
301675.6,-977505.9
303713.3,-976657.3
304181.2,-976879.7
303458.6,-976767.7
302996.1,-976408.8
302727.1,-976871.5
302681.1,-978045.2
302084.479,-978349.584
304185.0,-977752.0
303203.6,-977452.4
303693.0,-976703.6
303794.4,-976922.9
301733.3,-977433.7
302806.9,-976612.8
303603.3,-977750.2
303585.8,-976949.9
302565.7,-976866.7
303834.1,-977073.3
303653.6461,-979472.8408
301730.0,-977853.3
302474.5,-977556.6
303076.9,-977278.8
303079.7,-976753.2
304513.6,-977817.7
303722.7,-977002.9
302171.5,-977395.2
302786.3,-976462.3
301882.7,-978135.0
303176.4,-977221.3
302116.8403,-978064.5786
301773.6,-978393.4
302707.1,-978059.0
302042.1,-978324.2
303692.9,-976703.2
303123.6,-977295.8
302221.8,-978389.5
303191.8,-976660.6
302134.3,-976835.3
304250.1,-977292.9
302755.5,-977544.4
304177.1402,-976959.6384
302541.8,-977651.3
302719.1,-976867.0
304214.2,-978015.6
303124.8,-977118.8
302961.0,-977657.9
303605.8,-977664.1
303808.6,-977042.8
303770.5,-976615.4
303562.9,-976938.6
302834.0,-977717.0
301873.994,-977636.4246
303078.1,-976780.5
301596.2,-978337.8
302199.2,-977927.5
302644.4,-977304.8
302622.5,-977018.3
301942.3,-977440.0
303128.1,-976786.7
303522.2,-976999.7
302764.1,-978215.7
302407.0,-977297.2
302025.0464,-977833.4304
302137.1,-977653.7
303788.5,-976951.2
302942.7,-977409.9
301946.9,-977311.0
302130.2,-977761.8
303013.8,-977352.0
302365.3,-977282.3
303158.4,-976982.7
302073.6,-978379.2
304260.1,-977598.6
302747.7363,-978237.0139
302695.7,-976966.4
302362.7,-977180.0
303075.1,-977449.2
302123.9,-977872.2
302057.2,-976412.7
303066.3,-976698.3
302522.7,-977602.5
303556.7,-977184.3
304181.3,-977611.4
304351.7,-977669.6
303507.6975,-976759.7741
302206.1986,-977654.2445
304891.0,-977672.3
302971.7,-976864.5
302971.7,-976864.5
302971.7,-976864.5
302971.7,-976864.5
303240.0,-977296.2
303251.9,-977440.0
303155.5,-976540.7
303089.4,-976538.9
302673.8,-976869.2
304489.176,-977769.0992
301734.3,-978237.8
302083.3,-977854.5
302386.3,-978565.2
301954.5,-977432.7
302829.1,-976812.6
302999.3,-977109.1
302998.0,-977107.0
302560.8,-977344.7
302901.8,-976473.3
303046.6,-976811.5
301718.8727,-978160.3717
303645.8,-976893.3
303643.6,-976897.5
302560.0,-977298.8
302946.5,-977585.0
302160.2,-977432.8
302707.1,-976864.9
302333.5,-977517.6
302825.5,-977571.4
302480.4,-977764.2
301927.4,-978754.8
303425.371,-979798.8136
301936.8,-978253.7
302108.5,-977824.4
302236.9,-978848.8
303393.7,-977215.4
301869.7,-977990.1
303278.7,-977711.7
303059.1,-976931.3
303237.7,-976844.8
303113.9,-976589.7
302271.5,-976973.8
302743.5891,-977230.4081
303772.3,-977168.2
303779.0,-977102.1
303119.4,-976598.3
303779.5,-977103.2
302309.2,-976996.0
301938.5,-977460.2
303745.2,-976483.5
303156.5,-976916.0
302687.3,-976897.9
302844.5,-977491.1
302053.2418,-977374.7025
302275.0,-977656.6
302400.2,-977568.7
304000.4,-977252.3
303472.4,-976864.0
303133.8,-977193.9
301959.3,-977423.9
303543.2,-976858.4
303924.4,-977029.4
303066.6,-976647.2
301929.7,-977412.5
303410.9474,-977350.7131
303874.2,-976944.8
303672.6,-976944.1
303685.1,-977037.9
303065.9,-976698.4
302312.5,-977140.2
302602.4,-977336.2
302476.1,-978251.0
302307.8,-977609.2
304472.2,-978040.5
303066.3,-976698.3
303431.4986,-978622.7813
302730.5,-977006.8
301887.1,-977532.7
303436.7,-977052.1
303430.8,-977232.5
302288.7,-977031.6
303949.1,-976570.2
303582.7,-977255.3
302830.4,-976789.9
302831.6,-976794.4
303640.0,-976823.8
301726.9443,-977938.6949
302770.3,-977115.7
302661.5,-976982.2
304642.9,-977998.7
302885.2,-976598.9
302242.7,-977868.1
302755.5,-977544.4
304107.4,-977526.6
303504.6,-977184.8
302547.1,-977634.6
302735.2,-976985.1
301969.6456,-977487.2784
302739.5,-976980.3
304144.3,-976872.4
302461.3,-977549.7
302461.3,-977549.4
303329.9,-977235.6
303513.1,-977573.5
303150.3,-976936.3
302366.1,-979009.4
303787.0,-976668.5
303787.0,-976668.5
302946.6225,-977424.8894
304159.1433,-977261.5276
303787.0,-976668.5
303787.0,-976668.5
303786.2,-976669.4
304151.7,-977031.5
304153.6,-977030.6
302321.9,-978668.9
302227.7,-976914.9
304002.1,-977451.6
303264.6,-977161.5
302965.1,-976838.8
303002.4503,-977463.0313
303318.0,-976851.1
302266.7,-977364.6
302251.9,-977365.1
302251.4,-977365.4
302357.7,-977271.8
302355.1,-977273.4
302304.5,-976936.4
302680.0,-976958.1
302338.2,-977283.0
302618.8,-976761.7
301631.6071,-977914.2372
303089.3,-976612.3
303948.8,-978460.9
302619.8,-977639.4
302933.0,-977332.9
302867.0,-977042.4
303295.1,-977334.4
303089.8,-977063.9
303787.8,-977038.1
302970.2,-977425.4
302545.8,-977631.8
302468.3589,-977761.7397
303786.2,-976669.4
303786.2,-976669.4
303786.2,-976669.4
304146.3,-977303.4
303719.2,-976870.5
303786.3,-976667.7
303786.3,-976667.7
303786.3,-976667.7
303655.9,-976899.1
301615.8,-977448.2
303561.7367,-977075.9617
304305.2,-977136.0
301473.2,-977388.6
303661.2,-977226.9
302027.7,-978025.2
302549.6,-977246.5
302510.8,-977225.7
302815.0,-976956.0
301760.9,-978273.2
302801.1,-976798.7
303025.2,-976407.1
303342.0136,-976669.4322
303191.1,-977306.8
303109.0,-976678.0
304117.3,-977314.1
302854.6,-977471.1
302572.9,-977219.1
303923.8,-976753.4
302802.1,-977142.2
303162.4,-976948.7
303162.5,-976948.0
303539.6,-976906.9
301295.5096,-978315.723
302376.8,-977485.2
302880.8,-976634.1
302367.2,-977298.4
302815.4,-977054.8
302044.3,-978098.5
302815.0,-976908.4
301789.0,-978323.2
301968.9,-978179.8
301767.2,-978307.5
301787.1,-978320.2
302771.1048,-976976.2271
302786.9,-977075.4
302201.0,-976997.4
302903.0,-977329.8
302609.1,-977353.7
302975.0,-976288.8
302609.1,-977355.4
302947.0,-977441.0
303291.4,-977326.1
304101.8,-977454.7
303543.2,-976858.4
302645.951,-977444.2045
302959.6,-977328.3
303652.2,-976861.3
303652.4,-976860.9
303611.3,-976722.9
301941.5,-977810.7
302326.5,-977754.1
303685.1,-977037.9
303727.4,-977125.5
301789.2,-978150.9
301997.5,-977348.4
304816.9662,-975648.3381
303733.6,-977124.7
303119.2,-976692.3
302391.6,-978929.4
301600.1,-978123.1
303365.2,-977078.1
301582.4,-978168.3
303071.4,-976694.0
302475.9,-977718.9
302181.6,-977875.9
302579.1,-976886.8
303439.6984,-977149.72
303755.0256,-976497.5757
303897.3,-978826.4
303188.8,-977028.8
302944.3,-976853.9
301616.5,-977441.1
302035.8,-977856.0
303047.5,-977259.2
302643.8,-977156.6
304074.5,-976796.9
303665.9,-976849.0
302392.5,-976920.8
304292.3218,-977277.5215
303665.9,-976849.0
303603.7,-976186.6
303343.1,-976943.1
303665.9,-976849.0
303661.5,-976953.5
301603.2,-978137.3
301595.6,-978156.7
303225.4,-977476.4
304149.2,-978515.1
302987.2,-977225.5
301484.6743,-978549.0535
303522.4,-976999.9
302657.7,-977475.5
303228.2,-977281.3
302757.5,-976935.3
303271.1,-977681.2
303839.7,-976850.0
303322.5,-977365.4
302655.5,-977170.8
301663.9,-977378.1
304127.4,-976970.3
302771.7625,-976844.9093
303078.1,-976780.5
303078.1,-976780.5
303066.1,-977451.5
304598.9,-978121.8
304593.4,-978180.0
304587.0,-978176.5
304307.1,-977105.1
301976.4,-977494.1
303032.1,-977343.1
302380.1,-978805.9
303076.5117,-977674.655
304213.2,-976891.4
302545.4,-977646.2
301940.7,-977580.6
302821.2,-977604.1
302903.6,-976597.5
302737.5,-976781.8
303858.1,-977485.4
301956.6,-978127.7
302727.4,-977063.0
303212.0,-977203.7
302639.5642,-977427.9646
302499.7,-977814.7
304212.9,-977746.0
302160.3,-977793.4
302889.2,-977098.5
303023.5,-976883.7
301909.2,-978214.9
304506.3,-977985.7
303180.6,-976953.6
301597.4,-978133.4
301818.8,-977616.7
302510.0248,-977572.1931
302201.4,-976935.8
302683.2,-977286.1
302987.2,-976296.6
301587.1,-978129.4
301601.1,-978166.0
301604.3,-978162.5
302711.6,-976836.6
302383.7,-978555.7
303466.5,-976999.6
302396.4,-978966.3
302321.2026,-977904.1682
302397.7,-978947.5
304722.0,-977835.4
304411.1,-977535.2
302592.1,-976988.6
302631.8,-977178.7
301563.6,-978153.2
302970.8,-977323.4
302764.5,-977600.2
304584.9,-977721.7
301584.2,-978132.5
304393.7735,-976963.5551
303188.8,-975857.7
302657.5,-976890.6
303253.2,-977383.1
303528.1,-977017.1
302665.3,-977198.2
302421.3,-976939.8
301596.1,-977822.0
303632.6,-977111.6
302816.2,-977232.1
302948.8,-976271.3
303024.7866,-977189.1713
302941.4,-976273.3
302486.9,-977736.0
303051.9,-976568.8
302908.0,-977616.9
303501.6,-977791.2
301847.1,-977903.4
302111.5,-977819.2
301669.9,-977407.1
303582.7,-977511.8
302811.9,-976842.3
304114.402,-977103.1202
302467.4665,-978873.2388
303761.6,-977032.6
302637.5,-977103.7
304404.6,-977553.0
302812.7,-976609.0
302527.8,-977669.0
301563.8,-978145.2
301562.8,-978134.1
302807.8,-976606.3
302354.0,-977449.5
302738.6,-976945.7
301613.3938,-976860.023
303479.2,-976990.1
304103.6,-977169.8
303468.0,-976998.7
304132.0,-977324.5
303479.2,-976990.1
302432.3,-978250.2
303479.2,-976990.1
302146.3,-978642.0
302309.7,-978583.0
302329.8,-978758.5
303865.1978,-976626.2274
303479.2,-976990.1
303434.5,-977531.6
303687.1,-976937.7
302486.5,-977784.1
302778.8,-977199.7
304138.2,-977209.0
301919.2,-977755.2
303229.4,-977204.1
303815.9,-976764.3
303444.4,-977064.3
303260.9565,-977136.4595
304360.5,-977464.5
302312.7,-977170.3
303678.0,-977042.4
302536.7,-977382.0
302307.4,-977117.4
303788.3,-977587.1
301743.0,-978343.9
301814.0,-977581.4
303261.4,-977346.9
304174.4,-978554.4
301867.499,-977949.1599
303010.6,-977347.9
303567.6,-977364.2
303193.9,-978170.7
302279.8,-976980.7
303097.1,-977277.9
302592.3,-976994.3
302405.6,-977565.4
303580.0,-977125.6
301926.6,-977652.3
303205.4,-977289.2
302627.5629,-977041.4887
302576.0,-977643.4
303586.1,-977235.8
304499.4,-977982.1
303096.0,-977278.6
303099.3,-977276.5
302306.2,-978450.6
303920.0,-977674.8
302915.5,-976606.2
303754.2,-977954.3
303078.1,-976780.5
304453.0177,-976667.8083
302820.8,-976606.5
302825.3,-976936.8
302030.0,-978472.4
303179.2,-976910.0
302326.8,-977839.0
303859.5,-976883.8
303923.1,-977035.2
303185.8,-977439.0
303590.5,-977240.3
302938.0,-977404.6
302215.9162,-977724.6805
304230.3,-978637.4
303269.1,-976859.0
302388.2,-977304.5
302911.2,-977613.1
303149.3,-977156.5
302431.7,-977191.2
302996.3,-976441.7
302544.5,-977725.2
302897.6,-977299.9
303548.3,-977169.8
302718.2485,-977186.5782
302615.2,-977314.0
301874.5,-978195.1
301591.6,-978314.9
302846.4,-976802.5
303028.2,-976852.9
303169.5,-977092.8
303730.0,-977126.6
302905.5,-976831.8
302941.0,-977265.3
301585.7,-978170.9
303646.764,-976766.7502
302050.2,-978442.7
303115.5,-977121.6
301585.5,-977767.5
302673.1,-977114.4
303928.2,-978033.3
303646.6,-977182.9
304608.9,-978009.0
302545.4,-977646.2
303477.7,-977052.2
302674.8,-977548.3
302088.1099,-977444.1149
301278.4669,-978302.1546
302157.5,-977354.6
302657.7,-977421.4
302685.7,-977263.5
303501.7,-977168.9
303672.5,-976777.4
302050.9,-977863.2
302188.8,-977663.8
303497.0,-977102.4
302683.9,-977501.5
302683.9,-977501.5
302034.3162,-976407.9666
302367.3,-977139.0
304060.7,-977370.9
302753.0,-977024.4
303564.4,-976897.9
303910.5,-976973.2
302379.9,-977488.5
303403.1,-977261.5
303538.0,-977260.7
303823.0,-976729.9
303198.4,-977386.8
302324.7724,-978694.719
302808.5,-976826.3
302339.0,-977282.5
303148.4,-976776.9
302758.0,-977139.3
302536.1,-977177.4
303048.1,-977260.3
302346.0,-977306.2
302404.3,-977436.7
303089.8,-977063.9
302819.5,-976830.5
302479.7416,-977850.7651
302352.1,-976783.3
303440.6,-976113.8
303762.3,-976740.1
302577.0,-977244.2
303343.5,-976984.1
302335.3,-977541.8
301601.7,-978251.2
303659.7,-976869.6
302822.7,-977432.7
302829.5,-977434.0
303375.3699,-977218.154
301952.9,-977942.2
303629.2,-977111.4
303651.9,-977061.9
302894.8,-976641.8
304801.5,-977950.1
304227.5,-976978.8
304228.4,-976978.0
304230.4,-976976.3
304204.0,-976840.2
304203.3,-976868.3
301911.2548,-977324.232
304192.9,-976879.6
302553.3,-977576.7
304185.2,-976879.7
302356.5,-976928.1
304179.2,-976878.5
304177.3,-976879.8
302569.4,-977149.5
303015.6,-977627.9
302759.6,-977064.5
303461.4,-976956.6
302091.7452,-977945.7531
302155.9,-978358.2
301582.9,-978157.6
303630.2,-976444.9
303622.2,-977094.8
303327.0,-977098.7
301977.5,-978281.4
301962.7,-977921.7
303480.6,-976990.4
303766.3,-976972.6
304035.8,-977479.1
302356.1019,-977749.3755
302907.6,-976612.1
303013.4,-976436.8
304160.2,-977487.8
302050.1,-978469.4
303015.9,-977166.4
303039.7,-977339.6
302843.3,-977505.6
304476.5,-977781.4
303324.4,-976981.2
301849.0,-977685.2
303423.5408,-977061.6881
301974.4,-977988.1
302155.6,-977925.8
303880.9,-976991.5
303318.3,-977312.9
302155.6,-977925.8
302991.5,-976456.5
303889.1,-976988.9
302325.4,-977619.3
302155.6,-977925.8
302155.6,-977925.8
302297.6103,-976971.238
303187.7,-977026.6
301527.6,-978052.0
302982.4,-977598.1
301878.6,-977728.9
303078.1,-976780.5
303355.2,-977587.5
302254.0,-977776.7
304316.9,-977715.2
302327.2,-977838.8
302037.2,-977948.7
302105.17,-978036.2579
301499.5372,-978404.3677
302070.7,-978708.0
302577.0,-977244.2
304191.1,-977154.6
303198.3,-977239.9
302836.5,-977642.5
302337.2,-977283.7
303065.6,-977570.2
304607.5,-977665.0
302429.3,-977488.5
301947.2,-977313.0
302661.7366,-977971.7163
301795.2,-977566.0
301938.1,-977671.3
302576.3,-977141.8
301721.4,-976090.1
303013.0,-977353.1
303006.7,-977357.6
301809.1,-978140.7
303166.3,-977160.5
303270.2,-976961.2
301999.8,-977411.2
302847.3424,-980539.7623
302617.5,-977320.6
301962.7,-977406.6
302383.9,-977359.1
302143.2,-978365.1
302182.1,-977877.0
303148.9,-977433.3
304216.5,-976797.1
303124.1,-976846.1
303065.3,-977137.8
302941.4,-976863.3
301808.2704,-978380.4557
302330.4,-976805.4
304323.5,-977736.9
303187.3,-977658.4
302756.3,-976967.9
302292.7,-977959.8
302847.7,-977496.2
303067.4,-976448.2
303774.1,-977130.4
302339.5,-977282.2
304203.7,-976893.3
303952.7634,-975969.0435
304219.0,-977499.6
302335.5,-977775.8
304562.4,-977996.8
303161.1,-976915.9
303449.6,-976741.5
301866.0,-978831.3
302388.1,-977303.1
303638.8,-978202.4
303685.1,-977037.9
302669.8,-977392.3
303197.504,-977163.3143
303744.2,-976867.1
304509.5,-977486.7
303125.2,-976788.5
303199.4,-977268.0
304132.9,-976990.7
301778.6,-977647.3
303643.6,-977065.3
303104.6,-977174.2
302453.6,-977412.3
303614.8,-977034.5
303594.0844,-976850.0593
302715.0,-976871.4
301987.1,-977355.6
303399.8,-977589.1
302517.0,-977740.1
303095.0,-976737.5
304020.3,-976351.4
302319.8,-976924.6
304323.6,-977467.4
302354.0,-977449.5
304020.3,-976351.4
302758.1402,-977474.0938
304020.3,-976351.4
303539.5,-977527.3
303170.6,-977039.6
303433.0,-976741.1
302524.2,-977263.2
302336.3,-977491.2
302597.0,-977349.1
302822.4,-977737.3
302945.4,-977526.6
302542.5,-977576.0
303127.3227,-977477.2397
303684.4,-977039.0
302361.8,-977787.2
304513.6,-977817.7
302618.7,-977663.7
303662.6,-977898.3
301884.5,-979150.8
302162.4,-978360.8
302995.1,-977304.7
302367.3,-977139.0
304239.5,-976832.1
303253.2032,-977680.6558
303556.4,-977136.1
303124.1,-976769.4
302197.8,-977383.1
301545.2,-977403.0
302198.0,-977381.6
302209.7,-977374.4
303753.3,-976886.6
303498.5,-976935.9
303491.3,-976962.8
303119.3,-976700.6
302611.8006,-977649.1278
303582.5301,-976996.8451
303076.7042,-976897.7236
304147.6,-977034.9
304147.0,-977035.3
304127.1,-977013.4
302337.2,-977283.7
303994.2,-977026.1
302349.5,-978620.7
301959.1,-977347.5
304209.2,-977219.9
304207.9,-977227.8
301947.8,-978274.5
302904.5877,-976590.2534
302994.4,-977376.3
302714.1,-976891.6
303038.6,-977404.7
303643.7,-977011.9
302339.0,-977282.5
304190.3,-977021.6
301604.6,-977769.9
301998.1,-978410.0
304216.0,-977498.8
303192.3,-977241.1
303039.6688,-977200.8885
304232.1,-976976.5
303631.5,-976096.6
304476.2,-977782.2
302546.9,-977718.2
302973.8,-977328.3
302990.2,-977345.9
304476.2,-977782.2
304279.6,-977073.5
303757.8,-976684.3
301837.9,-977864.4
302714.0649,-976793.8037
303358.3,-977161.8
303035.1,-977328.3
303991.4,-976492.0
303112.6,-976879.9
302635.1,-977092.4
302654.5,-977208.4
303740.8,-977120.5
303097.0,-977274.5
304865.9,-978057.3
302865.5,-977495.7
302589.4115,-977586.0186
302865.8,-977511.6
301980.2,-977896.9
302211.9,-978484.1
303699.2,-976932.3
303736.0,-977052.1
302287.1,-976940.5
303484.3,-977007.0
302355.1,-977768.0
302985.2,-977295.6
303174.6,-977165.9
302617.2138,-977581.7501
303171.7,-977168.0
302989.2,-977346.6
302385.2,-977746.4
303346.9,-977788.9
303291.0,-977327.8
302354.0,-977449.5
303772.6,-977099.7
302192.7,-977030.0
302738.6,-976945.0
301797.8,-977620.7
302608.6175,-977585.3052
302738.6,-976945.3
303115.2,-977118.5
303438.1,-976762.4
303119.7,-976599.1
303731.2,-977052.6
302359.0,-978451.0
303899.3,-977032.5
301980.0,-978138.3
301679.9,-976268.4
303685.1,-977037.9
302869.2708,-977026.0201
302997.3,-976844.6
303199.3,-976888.8
303685.1,-977037.9
303288.6,-976793.1
302321.1,-977187.4
302069.5,-977968.3
304608.3,-978061.4
304595.5,-978012.1
301783.1,-978251.2
301941.3,-977421.4
302563.9847,-977130.8958
302292.5,-977392.2
301951.2,-977387.7
302936.7,-977139.5
304411.5,-977645.7
302976.1,-977118.9
304626.4,-978046.0
303662.8,-977033.7
304324.4,-977735.5
304325.2,-977732.9
302096.5,-976930.9
303925.9712,-977042.4895
302986.8,-977417.1
302763.0,-977285.9
303327.4,-977035.4
301871.0,-978127.1
303059.0,-976789.7
303601.6,-976918.2
303754.6,-977111.5
302990.2,-977467.8
301946.0,-978306.2
302212.1,-977423.0
302673.5837,-976960.52
302158.4134,-978135.1946
303017.3,-977801.0
301986.2,-977353.9
303109.1,-976896.6
302471.0,-978886.5
303864.2,-976841.7
302439.1,-977371.9
303191.1,-977306.8
303248.2,-977377.0
304192.9,-977155.3
303791.2,-977492.4
302516.5475,-977714.5852
304193.5,-977156.9
304183.5,-977141.8
303185.2,-977023.8
302524.4,-977139.7
302255.4,-977623.7
303547.1,-977037.1
302873.0,-977707.4
303168.6,-976908.0
303558.5,-977137.8
302002.2,-977820.9
302875.6586,-977180.8983
304244.2,-977256.8
302124.2,-977877.8
301781.1,-978335.6
304230.2,-976872.5
303753.3,-976886.4
303014.2,-977607.6
301790.0,-978322.3
303365.7,-977055.5
301813.8,-978142.6
302982.7,-977884.7
302555.2812,-976957.3834
302891.0,-976626.5
304187.0,-977139.0
302915.6,-976458.4
301950.5,-977579.5
301994.5,-977820.2
302799.9,-976910.6
301676.2,-976223.3
301858.0,-978005.0
301539.9,-976493.2
302066.9,-977865.4
302654.7294,-977374.7886
301808.4,-977516.2
302053.3,-977988.0
302646.5,-977197.0
302933.8,-977219.4
303911.9,-977054.2
303610.7,-977067.1
303538.9,-976758.6
303539.9,-976760.9
303826.6,-976661.2
303839.8,-976702.5
302154.3007,-977977.1009
302354.4,-977512.8
302158.0,-977683.0
302351.5,-977618.4
304575.6,-977708.8
304278.5,-977074.2
304223.8,-977211.0
303638.6,-977109.1
302036.6,-977957.5
303256.2,-977045.8
302350.7,-977146.0
302125.4839,-978266.4879
304173.6,-977017.0
301947.4,-977562.0
301937.1,-977593.5
303660.9,-977281.0
304070.8,-976974.7
302944.1,-976260.0
303751.4,-976990.6
301462.1,-978039.4
301673.3,-977394.3
301663.6,-977377.4
302693.101,-977509.5922
301672.2,-977394.6
301672.4,-977395.0
302250.7,-977559.9
302885.1,-976696.1
301967.4,-977994.3
301967.9,-977992.8
302355.0,-977311.0
303691.8,-976703.1
302353.6,-977318.2
302353.0,-977319.5
301448.5756,-978086.4351
302352.6,-977322.0
303780.2,-976931.3
302695.8,-977194.4
301394.6,-977960.8
303353.2,-976950.3
301922.2,-977522.7
302567.5,-977315.4
302753.6,-976855.2
301987.6,-978272.5
302466.5,-978472.8
302826.0028,-977543.0905
302060.6,-976418.6
302339.5,-977282.2
301797.8,-977621.4
303588.0,-976912.9
302690.9,-977552.8
302778.6,-977066.4
302555.0,-977740.6
302551.3,-977732.7
303067.8,-976428.1
303061.2,-976428.6
303085.3134,-976707.7221
302826.0028,-977543.0905
303060.3,-976429.6
303062.1,-976436.7
304130.8,-977430.3
303063.7,-976437.4
303063.9,-976440.6
303127.2,-977163.6
303051.1,-976433.4
302558.0,-977236.6
302509.8,-977951.4
302133.4,-977801.7
301582.0282,-978477.8957
301833.6,-977619.1
302204.2,-976943.5
302204.4,-976943.3
302957.3,-976283.0
303268.1,-977480.5
301926.9,-977463.2
303093.7,-976811.5
303593.1,-977144.2
303142.2,-976689.3
302388.1,-977303.1
302568.0562,-977391.7865
302237.3,-978869.5
302379.6,-977338.1
302388.1,-977303.1
302380.8,-977337.6
304411.2,-977649.1
304204.1,-976862.1
302846.4,-977493.6
303304.1,-976943.1
303102.4,-976825.2
302272.1,-977997.6
302481.2441,-975600.4174
304289.9,-977958.2
303276.4,-976970.8
302284.9,-977069.3
302597.8,-977121.6
302392.7,-977301.0
302392.7,-977301.0
303285.9,-977005.5
303609.5,-977778.3
303610.9,-977754.2
302407.7,-977247.1
302862.925,-977063.6638
303768.6,-977031.5
303942.1,-976712.3
302316.3,-977360.8
303796.7,-976748.2
301738.8,-978374.0
302564.1,-977462.2
303350.6,-977298.8
303428.1,-977311.1
304148.0,-977133.6
302173.9,-977674.4
303078.4724,-976882.1111
302034.5,-977537.6
302937.7,-977652.8
303706.7,-977257.2
302339.0,-977282.5
301680.0,-976231.2
304092.7,-978505.4
302554.4,-977754.4
302156.7,-978357.3
303767.6,-976756.4
302156.3,-977925.0
303721.3425,-977031.7443
303714.6,-978153.6
302080.5,-977885.1
302392.7,-977301.0
303672.6,-976752.8
303425.0,-976975.1
302082.0,-978178.3
303430.8,-976694.4
303581.2,-976998.5
303750.6,-977194.5
303255.3,-977028.8
302819.4566,-976612.3551
302707.2,-976817.1
302557.7,-977459.8
303669.4,-977050.3
302791.1,-977424.5
303353.6,-977353.8
303560.9,-976771.1
304565.4,-978218.8
304220.4,-977801.1
303741.9,-977119.8
302290.2,-977383.3
302835.8235,-976881.6035
301985.5,-978271.9
303219.1,-977447.2
303586.4,-976912.3
304284.5,-977668.5
303249.4,-977482.8
302659.7,-977019.8
303041.8,-977673.1
302659.4,-977013.5
301814.4,-977582.2
302924.7,-977198.4
304187.2984,-976253.5516
303786.6,-976801.9
302526.9,-977909.0
303686.5,-977043.7
302911.0,-977344.4
303278.7,-977057.4
303157.9,-976786.8
303158.6,-976784.3
303189.3,-976884.7
303185.8,-976887.0
303103.1,-976893.8
303515.9802,-976773.246
302425.3159,-977203.7909
303104.9,-976898.0
303090.2,-976785.5
303093.3,-976775.8
303012.9,-976476.1
303061.7,-976744.8
302793.2,-976780.2
303053.1,-976718.9
303053.4,-976716.3
303057.8,-976717.6
303095.6,-976930.6
303812.1253,-977107.9721
303070.5,-976714.3
303159.4,-976910.6
304313.6,-977473.0
303193.9,-976923.5
303159.0,-976867.8
302705.6,-976865.0
302831.2,-976903.7
302171.6,-978001.7
303276.5,-976972.2
303665.2,-976746.3
302377.0203,-977279.4265
302284.7,-977826.7
302795.2,-976829.5
303550.1,-977555.1
302670.0,-977359.8
301674.7,-976220.1
304371.2,-977457.1
303124.8,-977293.0
302330.6,-976998.9
303109.5,-976979.3
303964.0,-977051.8
303055.7224,-977182.1522
302388.1,-977303.1
302339.0,-977282.5
303809.7,-977011.0
303312.1,-977219.9
302362.6,-976988.9
302060.6,-976394.5
302061.0,-976394.2
302061.7,-976393.4
302062.5,-976392.6
302062.8,-976392.3
304513.4461,-977810.9035
302063.2,-976391.9
302020.1,-977933.2
302303.4,-978438.5
302976.8,-976862.6
302570.0,-977176.7
302746.8,-978239.8
302344.0,-978083.3
302770.1,-976989.9
302752.4,-977053.9
301816.7,-979072.5
301363.132,-977921.8071
301926.2,-978030.3
301952.7,-977919.8
302973.4,-976428.6
302833.1,-977589.3
303944.3,-977539.0
303451.5,-977436.7
302321.1,-977187.4
303734.2,-977124.5
303245.7,-977494.0
303011.2,-977557.2
305258.4582,-979601.6597
302986.7,-977571.5
302985.5,-977572.3
302912.5,-977580.0
304589.4,-977625.0
302944.1,-976260.0
301640.7,-977387.1
302164.8,-978787.3
303018.1,-977192.5
301934.8,-977556.4
303098.3,-977335.3
305160.393,-979638.4581
303076.9,-977278.8
303243.9,-977719.8
302288.7,-977031.6
302274.5,-977285.7
302565.5,-977034.1
303685.1,-977037.9
302162.4,-978364.7
302373.7,-977591.6
301992.6,-978197.7
301906.1,-977330.9
302326.5669,-978183.5416
303101.8,-976879.3
302363.8,-977840.9
303355.3,-977286.0
303673.6,-977482.1
303128.9,-976528.7
302666.1,-976897.6
302666.6,-976898.8
302911.0,-977344.4
301937.0,-977555.8
304150.9,-977001.2
303034.4147,-977061.9707
302853.8,-977475.2
301813.3,-977945.3
304352.2,-977452.4
302592.7,-977125.6
302084.8,-978516.0
302668.0,-976842.5
301956.9,-977390.7
303059.7,-976862.5
302762.6,-977046.0
303181.3,-976784.0
301547.5756,-977882.1691
304302.8022,-977162.3828
303086.2,-976932.2
303069.9,-977462.6
302228.4,-978055.8
302576.9,-976867.0
302939.3,-977293.9
303209.5,-976838.1
303076.7,-977166.9
303033.7,-977394.7
303586.8,-976933.0
303880.9,-977039.7
302305.6442,-977161.8179
303133.2,-977513.1
303865.4,-977048.3
304552.8,-977994.7
304245.3,-977255.3
302119.2,-978717.7
303165.3,-976646.7
302583.3,-977594.3
302817.5,-976774.8
303745.7,-976695.3
303086.0,-976762.0
303585.0635,-976999.6779
303551.6,-976933.5
303052.3,-976568.6
303581.7,-976741.0
302335.3,-977012.0
304269.2,-977743.2
303681.2,-977814.1
304268.0,-977742.7
303325.6,-977308.6
302251.1,-977894.8
303200.7,-977300.8
302213.1174,-977745.4513
301939.3,-977421.4
301638.6,-977784.6
303661.7,-977463.1
302126.9,-978668.5
303858.4,-977037.8
303875.1,-977037.9
303877.9,-977041.7
303889.5,-977033.9
303448.7,-977557.6
303105.6,-977318.7
302351.4514,-977300.1663
303543.2,-976858.4
303510.2,-977177.7
303280.7,-976942.4
302104.7,-978464.4
303693.9,-977171.8
302354.0,-977449.5
302323.4,-977764.6
302265.2,-977212.3
302288.7,-977031.6
303584.7,-976996.3
301499.5372,-978404.3677
303447.0,-977019.2
303504.6,-977184.8
303434.6,-976950.5
303834.0,-977102.6
302275.9,-978606.9
304979.1,-977602.1
301548.2,-977432.0
302062.5,-976394.3
301837.3,-978302.2
301934.8,-978433.5
304118.2448,-976985.9457
302321.7,-976927.7
302878.7,-977673.9
303615.0,-977799.4
304175.2,-977015.8
303314.8,-979245.9
302227.8,-977765.9
302053.5,-978027.4
303177.0,-976870.3
304593.1,-977629.8
304397.0,-978031.5
302319.9192,-978024.7613
301986.1,-977240.5
301922.4,-977522.9
303195.8,-976846.9
301851.0,-977960.9
303271.0,-976960.6
303293.7,-976903.5
302098.6,-978136.7
303323.7,-977113.5
302529.0,-977123.5
302820.6,-976605.8
302531.7605,-977200.0496
303842.8,-976579.2
302589.5,-977145.2
302623.4,-976861.8
302202.6,-977858.0
302924.2,-976693.8
302713.3,-976847.7
303104.1,-976983.6
303003.2,-976780.5
303053.1,-976834.3
302983.7,-977434.3
304529.1006,-977541.4272
303098.3,-977555.0
303348.9,-977144.5
301919.8,-977405.7
303057.9,-976559.2
303633.5,-976758.9
301773.2,-977536.1
302897.6,-976642.4
302710.9,-976868.8
302712.7,-977051.9
301840.7,-978301.8
301436.6174,-978048.0576
301401.7017,-977703.5355
302939.6,-976278.0
304585.0,-977901.1
302654.2,-977203.2
303620.6,-976748.8
303111.5,-976735.7
302322.2,-978314.5
303620.4,-976751.5
303096.4,-976550.0
303226.9,-977365.2
302473.8,-977336.4
304041.6493,-977129.7777
301801.7,-977598.1
304319.8,-977699.7
302845.0,-976905.3
303270.6,-976905.7
303244.6,-977699.5
303590.7,-976759.0
302040.2,-977777.1
301951.7,-977942.3
302981.3,-977127.4
303191.1,-977306.8
302928.6561,-976298.0332
302794.3,-977231.4
302563.5,-977282.7
304371.3,-977411.9
301997.4,-978501.5
303353.9,-977086.3
303353.7,-977087.2
303657.9,-977084.7
303072.7,-976947.9
303911.9,-977603.7
302874.5,-977043.3
302297.4148,-977854.0599
302490.2,-977675.8
303539.5,-977527.3
302868.2,-977706.3
302175.4,-978092.7
302447.8,-977464.4
303087.6,-976770.8
302478.8,-977768.2
301840.9,-977477.4
303187.6,-976885.6
303690.9,-976856.5
304460.5228,-977454.0229
302695.7,-976966.4
301934.9,-977594.3
303098.5,-976824.2
302094.6,-977958.3
302872.0,-977042.7
304261.9,-977639.1
303576.8,-976780.5
302925.8,-977658.2
302060.8,-977951.1
303946.4,-977066.5
302019.8531,-978747.0632
302210.2,-977450.4
302363.0,-977282.2
303258.5,-977055.5
302617.5,-977317.1
303151.4,-976665.8
303698.0,-977445.0
303159.1,-976751.0
302214.8,-977725.4
303123.6,-976734.6
303095.3,-976547.8
303148.5635,-978294.6414
303046.4,-976665.4
302079.9,-978362.0
303872.0,-976788.7
301767.8,-978069.5
303058.4,-976560.1
302706.0,-976921.8
302255.3,-977455.3
301773.4,-977537.0
302915.9,-977269.2
302460.3,-977329.2
302248.2695,-977885.0274
301958.7,-977412.7
301976.7,-977434.0
301846.6,-978298.4
301834.2,-978300.5
301659.7,-976197.9
302030.2,-978320.4
302196.3,-977778.5
303113.5,-976945.0
303181.5,-976873.1
303036.7,-976848.0
304728.3041,-977925.2596
303058.1,-976852.9
303093.8,-976867.6
303159.5,-976858.9
302927.4,-977156.2
301922.3,-977898.1
302641.0,-977160.1
303135.1,-976779.3
303126.3,-976758.1
303540.0,-976980.8
302445.2,-977405.2
302758.0327,-977635.2793
303007.4,-976905.5
303258.3,-977719.3
303102.3,-976740.5
303628.5,-976768.3
303630.1,-976768.3
303051.3,-977171.4
303162.5,-976888.7
301960.8,-977392.1
301948.4,-977358.8
302484.0,-977625.2
302633.8078,-977445.7355
302306.8003,-978392.09
302529.9,-977676.3
303073.9,-976814.3
303101.4,-976748.5
303095.0,-976738.7
301954.7,-977432.5
303108.7,-976728.9
303118.8,-976729.0
302687.5,-976868.5
303161.7,-976692.4
303126.0,-976768.0
304235.1801,-976712.0942
301982.3,-977433.1
302568.4,-976875.1
302778.7,-977206.3
304381.8,-978108.9
302721.7,-977165.2
303041.3,-977576.0
303874.6,-976802.2
303202.4,-976849.6
302370.1,-978071.5
301836.3,-978306.5
303630.1849,-979042.5087
303541.8,-977175.0
303530.9,-977231.1
303526.7,-976920.1
301959.6,-977542.7
302781.8,-977431.5
304623.1,-977746.4
303900.3,-978910.5
303900.1,-978910.9
302340.2,-977281.7
302787.1,-977073.8
302285.1092,-978133.835
302386.5,-976960.4
302032.2,-976391.2
303049.8,-977552.9
302257.8,-977783.5
303533.7,-977894.5
303074.8,-976839.7
303071.5,-976823.9
303065.8,-976821.1
303064.0,-976822.4
303062.2,-976823.0
302777.7251,-977062.8892
303061.8,-976832.5
302137.2,-977654.0
304121.7,-976982.1
303068.3,-976833.8
301980.2,-977434.3
303057.6,-976848.1
303027.7,-976847.7
303025.6,-976848.1
303105.3,-976823.5
302559.4,-976859.3
301785.9785,-977574.0677
304400.8,-977682.3
301658.5,-976198.4
303105.2,-976826.3
302987.5,-977421.2
304476.0,-977762.2
303096.9,-976826.0
302945.2,-977409.5
303088.9,-976807.1
303304.0,-977199.2
303003.9,-977661.0
303880.0625,-976811.9815
303198.7,-976834.2
303610.1,-977232.2
304496.0,-978025.0
303407.1,-977985.8
301467.2,-978401.8
302807.0,-976623.9
302796.5,-976758.8
303784.8,-977064.4
302214.8,-977725.4
302444.8,-977405.0
303792.5464,-977129.0537
302987.2,-976256.4
302969.3,-976443.3
301514.9,-978166.4
303714.2,-977297.5
301785.5,-977564.3
302820.8,-976800.9
302821.9,-976801.7
302094.7,-978393.2
303637.6,-977006.8
302191.8,-977033.0
303880.0421,-977038.5863
301998.6,-978204.8
304207.6,-977505.1
303830.4,-976615.2
301980.2,-977434.3
304415.1,-977559.7
303720.7,-976989.9
302358.1,-978992.7
302751.4,-977181.4
301999.6,-976840.7
302769.5,-976941.8
302017.1834,-977804.587
302960.3,-977788.3
303414.1,-977516.6
302985.3,-976458.0
303089.7,-976770.7
302321.8,-977620.4
304533.6,-978281.3
301758.5,-976294.8
301754.9,-976289.1
303294.5,-976404.5
304071.7,-977551.9
303395.016,-977006.5304
302472.5133,-977775.0867
304529.6,-977986.7
302356.1,-977863.0
302355.9,-977865.4
302336.9,-977502.1
302263.8,-977024.2
304472.8,-977760.4
302722.4,-977251.0
302366.8,-977011.1
303144.7,-977028.5
302234.1,-977919.0
302975.8559,-976428.8738
302596.5,-978046.7
304314.3,-977931.8
304641.7,-977619.2
304389.5,-977677.7
302987.0,-977013.1
303673.6,-977482.1
304426.2,-977505.7
302595.6,-977074.8
303480.9,-977044.5
302496.3,-977443.0
301670.3112,-977849.8882
303168.6,-976908.0
302389.3,-977596.2
303086.9,-976960.9
302845.9,-977052.2
303422.3,-977664.7
303654.7,-977118.2
301793.0,-978479.5
303125.0,-976654.8
302286.2,-977325.4
303704.1,-977197.0
302483.7618,-977719.9931
301810.6,-979024.0
302227.3,-976653.6
303817.4,-976970.2
304287.7,-977135.3
303672.8,-977684.6
302954.2,-977622.8
303118.4,-977425.2
302575.6,-977020.1
302073.1,-977761.0
302108.2,-978093.3
302323.824,-977204.1348
301656.0,-976257.2
302330.1,-977867.9
301835.9,-978074.4
302830.9,-976470.5
302212.7,-977246.5
302867.2,-976590.9
303860.2,-977057.3
301776.5,-978227.0
304390.7,-978024.5
302281.6,-977422.0
301821.5928,-977562.1502
302999.9,-976814.4
301760.3,-978315.7
302728.7,-976856.3
302267.4,-978053.7
301799.5,-978344.7
302279.7,-976964.7
301957.1,-977936.2
303694.8,-977583.3
303170.1,-976649.0
302080.5,-977715.6
303219.2557,-979562.2241
302483.6,-977482.7
303842.2,-976609.7
304160.4,-977613.0
304123.1,-977578.0
303840.0,-976738.8
303725.1,-977177.2
302526.4,-977424.1
303720.3,-977155.4
303577.3,-976783.6
301761.9,-978271.9
301708.6256,-977615.3351
302933.6,-976300.3
303689.5,-977142.9
301995.7,-977798.8
302842.1,-976746.0
304525.2,-978156.1
304348.1,-977388.8
302751.2,-977181.0
303205.7,-977066.2
301933.4,-977387.4
303296.4,-976978.0
302178.4595,-978973.6684
302341.2,-977008.9
303161.5,-976722.2
302993.9,-977343.5
302643.6,-977007.7
303006.2,-977403.6
303645.6,-977067.7
301969.5,-978191.1
304072.1,-976856.0
302068.3,-977965.0
302819.0,-976802.0
302745.6228,-976313.3333
304127.9,-977429.5
302734.6,-976821.5
301930.3,-978052.8
302226.8,-978673.1
303592.2,-976792.4
303476.2,-977216.9
301825.6,-978371.0
302932.6,-976300.8
302932.9,-976301.8
302733.3,-978071.5
302996.8087,-977223.9228
302552.1447,-977136.9593
303516.5,-977475.0
303727.6,-976943.4
302547.1,-977634.6
304043.7,-976805.7
302495.1,-977510.5
301487.3,-977465.6
301837.5,-978077.3
301838.1,-978069.3
303068.1,-976825.5
302683.3,-976870.2
302963.4969,-977605.8476
304297.7,-977740.5
303134.4,-976777.1
303389.2,-977814.0
302052.0,-978549.8
303611.6,-976734.4
303477.8,-977052.5
302943.0,-976275.5
303835.8,-979131.3
303168.4,-976893.6
302325.7,-977213.4
303095.2701,-977073.058
303594.5,-977651.4
303129.6,-976860.0
304287.3,-976969.9
302353.4,-977448.4
303734.2,-977124.5
303288.6,-976793.1
303685.8,-977042.2
301675.1,-976223.5
302968.8,-976860.1
301833.6,-977912.1
302148.7416,-977879.7642
301864.0,-977510.9
303226.9,-976766.9
302164.8,-977914.5
301614.4,-977423.7
301698.3,-977518.5
302166.1,-977929.1
301686.1,-977519.0
302880.7,-977090.3
304136.9,-977130.9
304140.0,-977133.6
302537.5196,-977153.434
303607.1,-977183.0
304243.0,-977754.7
301727.5,-978279.1
303159.8,-976746.9
303549.8,-976950.6
303549.1,-976951.1
302320.9,-977032.3
302257.5,-977415.7
302061.0,-977695.1
302051.8,-978547.1
303465.3113,-976125.2886
302431.7,-977191.2
303441.8,-977020.2
304218.6,-976814.4
302288.7,-977031.6
302987.7,-976257.6
302987.5,-976257.8
302987.3,-976258.0
302981.5,-976271.1
302980.2,-976271.2
303064.0,-976425.6
304745.2362,-976868.2286
303063.1,-976426.6
302980.8,-976269.8
302987.1,-976258.2
302980.6,-976270.3
302981.4,-976271.3
302981.2,-976271.6
303025.3,-976439.0
302392.7,-977301.0
303070.3,-976433.2
303068.7,-976432.5
303284.2326,-977250.1723
303067.4,-976430.0
303068.0,-976431.3
303068.2,-976423.9
302392.7,-977301.0
303062.1,-976427.6
303322.6,-977303.6
303582.2,-976739.1
304366.9,-977410.7
303926.5,-976581.0
301931.1,-978144.8
301986.2515,-977492.4384
304242.3,-977742.4
302868.6,-976750.4
303359.0,-977296.3
302868.1,-976750.6
302289.4,-976916.3
303942.1,-976712.3
303413.8,-977517.8
302785.7,-977290.5
303468.3,-976956.9
302096.5,-978451.9
302515.0628,-977133.9181
304238.3,-977621.0
302546.0,-977235.4
303212.6,-977541.7
303085.0,-976727.1
303217.8,-977361.0
301786.3,-977674.5
303412.6,-976805.3
301875.4,-978167.1
302110.1,-978474.2
303312.7,-976874.4
301868.8648,-977731.845
301991.06,-976934.5301
302186.7,-977268.6
303696.6,-977307.5
303710.1,-977300.9
303709.3,-977300.0
301994.3,-978537.2
303378.9,-977001.0
301991.8,-976926.2
301845.7,-977465.2
302994.0,-976280.3
303028.6,-977207.9
302748.0842,-977183.7917
301928.2,-977651.7
303718.7,-977157.4
302825.5,-977571.4
301558.3,-976463.4
302957.5,-977471.4
303655.5,-976898.2
303437.0,-977588.4
301773.6,-978393.6
303845.9,-976621.4
302288.7,-977031.6
302817.1614,-977602.1636
302363.9,-978350.4
303653.7,-976878.1
301955.0,-977335.5
301933.7,-977388.6
302391.3,-977201.4
302728.4,-977195.4
303559.0,-977030.9
301997.5,-977348.4
301730.0,-977957.9
303665.3,-976930.1
302008.2416,-977912.2476
303768.6,-976733.6
303600.7,-976848.0
302645.1,-977041.5
302866.9,-976997.0
303643.3,-977059.4
302028.1,-977965.6
302285.1,-977215.5
302285.1,-977215.5
302285.1,-977215.5
302285.1,-977215.5
302315.4678,-977260.5072
302285.1,-977215.5
302285.1,-977215.5
302285.1,-977215.5
302958.2,-976283.8
302958.8,-976282.1
302958.9,-976281.7
302950.9,-976299.5
303056.8,-976441.3
303045.4,-976420.5
302978.3,-976289.9
302098.6555,-976514.5569
303063.7,-976397.4
302996.6,-976432.5
303003.1,-976432.0
302984.3,-976436.9
302984.5,-976424.9
303010.9,-976417.0
303012.9,-976417.1
303005.6,-976422.3
302935.7,-976302.4
303040.2,-976426.3
302516.6449,-977246.4897
303040.6,-976427.2
303039.5,-976427.4
302932.2,-976299.9
302939.0,-976310.7
303040.8,-976427.6
302939.3,-976310.5
302950.5,-976300.1
302950.5,-976300.1
303024.9,-976439.3
302958.7,-976282.4
303058.3578,-977208.8813
303024.5,-976439.5
302958.7,-976282.4
302958.8,-976282.1
302958.9,-976281.7
303009.6,-976448.5
302959.1,-976281.0
303008.6,-976449.3
303008.5,-976448.8
303009.3,-976447.5
302932.4,-976300.4
302123.465,-978099.2701
303008.2,-976447.4
303008.0,-976446.9
303008.9,-976445.6
303008.4,-976443.7
303007.6,-976445.0
302958.8,-976278.4
303023.4,-976440.3
302999.1,-976451.6
303002.6,-976449.9
303000.9,-976449.2
304337.3571,-976933.319
303023.1,-976440.5
303045.8,-976450.8
303030.2,-976458.1
302973.4,-976428.6
303008.9,-977173.5
304143.5,-976871.9
302119.3,-978089.3
304090.7,-977403.7
301771.7,-978267.6
302252.3,-977541.9
303026.2867,-976609.7584
302369.5657,-978827.6213
303904.7173,-977029.4151
303634.4,-977607.6
303639.7,-977608.8
303574.0,-977031.1
303170.2,-977033.3
304452.7,-977729.8
301987.1,-977685.4
302460.8,-977795.6
304190.2,-976879.6
302417.4,-977840.9
302591.7,-977126.0
303423.7659,-978669.6943
302855.7,-977013.3
302845.9,-977052.2
301867.5,-977508.2
303511.3,-976725.9
303714.6,-977142.8
302107.3,-978145.2
301974.9,-977360.7
302970.2,-977396.1
301933.9,-977388.5
302245.9,-978502.2
303372.3158,-977094.6249
302416.1,-977478.6
302819.6,-976606.1
303002.4,-976834.1
302957.9,-977809.4
303728.9,-976833.8
303057.7,-976902.0
302806.1,-977123.7
304361.2,-977420.7
302812.5,-977127.3
303418.3,-976921.1
301818.4875,-977595.0849
303759.4,-976898.0
302114.1,-977822.8
304383.3,-978064.0
301850.4,-977471.7
302285.1,-977215.5
303690.9,-976662.1
302003.2,-978238.5
302415.2,-977333.2
301908.0,-977502.3
303600.7,-976848.0
302623.2129,-977423.283
302466.5,-977322.5
303445.2,-977441.0
303042.3,-977205.5
302272.2,-977023.6
301808.8,-978362.2
303710.4,-977315.7
303719.8,-976992.2
302610.1,-977329.4
302135.2,-977725.0
303449.0,-976776.5
303346.5728,-978190.0232
303448.3,-976776.7
303434.4,-976779.1
304176.8,-977269.6
303170.6,-977039.6
303585.6,-977725.7
303408.5,-977033.8
302354.0,-977449.5
301773.2,-977527.6
302296.8,-977262.7
304039.9,-976987.4
303469.7936,-977527.9144
303140.1,-976770.4
302302.5,-977133.7
302592.0,-977885.5
303351.3,-976979.1
303111.7,-976714.9
304053.9,-977404.6
303126.4,-977551.7
303343.5,-976967.1
303600.8,-977229.4
302902.8,-976596.6
303320.9212,-977040.5485
302761.5,-977596.5
303479.2,-976990.1
302577.8,-977648.3
302582.3,-977645.3
303390.9,-977469.5
301830.5,-978347.8
302354.0,-977449.5
303903.3,-977032.3
302329.3,-978511.7
302465.5,-977780.8
304281.2494,-976848.0656
301864.7,-977586.5
304100.8,-977169.1
303743.0,-977119.0
302057.2,-976412.7
303139.9,-976692.4
301547.7,-977410.8
302499.1,-978943.1
302373.1,-977866.7
304281.9,-977072.0
302959.7,-977345.3
303416.7534,-975542.7625
302958.6,-977346.0
302958.1,-977347.8
303884.1,-976997.2
303775.5,-976614.7
303606.1,-976730.4
304345.3,-976860.7
302316.2,-977021.3
303141.5,-976693.3
302359.0,-977702.1
302084.6,-977952.5
303629.6873,-976684.7011
304206.0938,-979898.6708
302290.9,-977627.2
303065.8,-976826.2
303575.4,-976782.8
304108.9,-977402.9
302606.2,-977318.1
302689.0,-976869.6
304142.6,-976543.5
301617.0,-977451.3
302046.6,-978019.3
303123.5,-976844.9
305221.4194,-978780.6837
304113.3,-977006.7
302988.5,-976443.8
303819.3,-976710.6
303847.1,-976671.0
303940.7,-977009.0
303685.1,-977037.9
303482.9,-977025.4
302384.9,-977536.8
302504.9,-977265.2
304397.8,-978061.9
303121.4332,-978332.053
302535.2,-977264.8
303019.6,-977410.1
302306.2,-977029.5
302354.0,-977449.5
302824.8,-976883.0
302039.2,-977993.9
302354.0,-977449.5
303391.3,-977151.6
302899.6,-977714.9
304610.7,-978140.7
303002.9137,-976435.1324
304218.0,-976911.8
302985.4,-977713.9
301975.2,-977360.6
303284.4,-977550.1
304124.5,-977234.0
303942.1,-976712.3
302403.7,-978936.1
302265.7,-978434.3
303508.3,-977203.4
302628.2,-978084.1
302024.1327,-978187.7512
303359.3,-977160.4
302166.8,-977356.7
302738.3,-977260.9
302576.9,-977059.6
303432.1,-979306.9
303318.0,-976851.1
303912.0,-977605.3
303172.8,-976650.8
302961.3,-976880.1
302348.1,-977880.7
304094.3017,-977186.9157
303579.5,-976833.0
303897.2,-976927.7
303889.2,-976936.1
302819.0,-977069.1
301985.4,-978273.2
301569.0,-978287.9
303271.5,-976762.4
302590.4,-977886.2
302459.7,-977409.6
302792.2,-976830.1
302864.717,-979437.4299
304629.4,-977949.5
302378.1,-976935.0
301957.0,-978126.3
302282.2,-978020.8
302096.0,-977242.5
303672.6,-976945.8
302825.6,-977438.5
303014.2,-976937.7
302195.3,-977782.5
302691.2,-976985.7
302587.3033,-977894.9104
302549.7,-977056.7
302298.7,-976925.4
303042.6,-977148.1
302546.8,-977237.9
304171.0,-977121.5
303602.7,-976965.7
303508.0,-977203.6
303242.0,-977374.7
304119.3,-976989.2
303777.2,-976639.2
302652.4968,-977035.001
303556.1,-976838.6
303777.0,-976639.1
302618.2,-977133.9
303776.8,-976639.0
303776.6,-976638.9
302794.7,-976830.7
303085.1,-977080.3
303036.1,-976888.6
303097.9,-976878.9
302740.3,-976782.7
303286.7111,-976925.1809
302431.7,-977191.2
302240.4,-978455.2
302038.4,-977656.9
302145.8,-978891.6
302185.5,-977264.9
303144.8,-976862.5
301816.5,-977958.9
303065.5,-976942.3
303181.6,-976781.1
303183.8,-976755.6
303115.4748,-977289.5954
301695.1377,-977484.6018
303096.8,-976898.2
303150.3,-976756.3
303165.3,-976711.0
303180.0,-976945.9
303172.2,-976944.9
303181.1,-976964.2
303171.8,-976780.9
303165.8,-976774.9
303151.5,-976729.1
303080.2,-977069.1
304039.0985,-977618.1703
303255.5,-977416.9
302590.4,-977886.2
303116.9,-976666.6
303682.9,-976841.0
303117.1,-976666.4
303115.4,-976665.0
302288.7,-977876.1
302287.8,-977639.5
303015.1,-977528.5
303030.3,-976388.5
303057.4611,-976193.8251
302900.2,-976585.3
302900.4,-976585.3
303088.9,-977231.4
303012.7,-977423.3
303761.3,-976856.4
302888.1,-977586.8
303043.5,-977177.9
302367.0,-976943.0
302336.9,-976978.8
303970.0,-977583.1
302575.1079,-977161.0719
302356.8,-977886.5
304216.0,-977795.8
302144.3,-977336.9
303498.4,-977675.7
301792.0,-977935.2
304187.4,-976862.9
302340.4,-976969.6
303496.4,-977069.6
303973.9,-977008.8
303973.7,-977007.5
302410.1611,-977398.6493
303116.4,-977010.0
301866.9,-977518.0
303199.3,-976832.6
301603.7,-978159.6
301946.5,-977486.7
302673.7,-977983.7
302822.0,-976916.8
302155.6,-977862.0
302032.1,-978324.4
302176.0,-978687.1
302850.9333,-977182.2655
303376.8,-977576.7
301785.6,-977925.6
302582.6,-977865.7
302954.7,-977384.3
302954.7,-977204.9
304613.9,-978128.4
304612.0,-978134.4
303170.6,-977039.6
303517.8,-978575.2
302222.9,-977718.3
302278.8488,-977014.6228
302327.2,-977290.1
303499.8,-977289.7
303241.6,-977794.1
302288.7,-977031.6
301870.3,-978320.1
304621.8,-978123.4
303621.6,-977104.0
303506.7,-976917.6
303701.9,-976806.4
303334.1,-976920.2
303139.7446,-977078.8427
303670.2,-977008.2
303723.4,-977153.0
302594.9,-976878.7
304107.8,-977392.0
304528.3,-977988.7
303120.7,-976659.8
302634.2,-977057.2
301964.3,-978192.1
303252.9,-975777.3
302261.6,-977659.8
303121.3238,-975312.8147
302985.7,-977414.6
302020.6,-976871.8
302351.3,-977601.8
302161.5,-977533.2
303938.9,-977029.2
303561.5,-976119.3
302994.2,-976762.0
301775.4,-977635.4
303626.2,-977172.6
303556.1,-976838.6
304614.5083,-977793.6697
302855.4,-977591.4
303660.0,-977224.4
302042.0,-978410.0
302512.6,-978476.7
302387.5,-978902.2
303572.4,-977055.7
302656.5,-976968.4
301970.8,-977449.0
304929.9,-977698.3
304575.8,-977970.1
302448.4416,-977303.5306
303665.371,-975206.1915
301827.2,-977693.2
303279.9,-976941.3
303690.6,-977046.0
303078.1,-976780.5
302365.3,-977282.3
303343.8,-977072.2
303500.3,-977014.5
304491.3,-977623.5
303343.8,-977072.2
303343.8,-977072.2
301467.1813,-977926.582
302881.6,-976693.6
302801.9,-977536.8
301961.2,-978613.1
303292.5,-977356.7
303664.9,-977044.2
302282.4,-976997.9
303539.6,-976906.9
301574.9,-977478.8
301939.8,-977570.1
301976.3,-977838.4
302680.0595,-977389.5374
303605.8,-977152.5
302915.8,-976844.4
302501.3,-977878.3
302337.2,-976980.1
302633.4,-977064.2
303059.8,-977337.5
302821.8,-976925.5
304517.6,-977972.6
302745.3,-977149.9
302758.5,-977132.5
303024.3671,-976976.0728
301904.2,-977343.7
301932.0,-977447.0
301867.4,-977455.1
303261.4,-977276.4
302119.5,-978534.4
303600.7,-976848.0
303740.2,-977120.8
302340.2,-977281.7
304339.4,-978178.2
303229.7,-977064.5
304162.3298,-977145.6646
304489.4,-977623.2
302482.5,-977581.4
302661.1,-977161.1
303299.2,-976912.3
302747.6,-976805.7
302767.4,-977450.9
301881.6,-978180.4
303637.5,-977158.6
302938.1,-976310.2
303664.8,-977350.1
303040.8543,-976442.2926
303665.8,-977349.7
303225.0,-977393.6
302835.7,-977003.1
302838.5,-976829.1
304195.0,-977281.0
303902.3,-977010.7
301941.8,-977440.1
302696.6,-976762.2
301928.0,-978222.1
301809.6,-978026.7
302645.8522,-977047.1343
302168.6,-977584.2
302949.4,-977426.8
301982.0,-978139.9
302041.4,-977789.1
302227.6,-977280.4
301571.1,-977481.9
301581.6,-977491.0
301577.3,-977484.8
301579.2,-977486.2
302140.0,-977942.8
302382.4298,-978751.1729
303905.9,-976555.8
303902.2,-976556.3
302780.9,-977127.0
302731.2,-976776.6
302566.8,-977361.6
303307.4,-977197.1
303894.9,-976562.7
302738.0,-977087.2
302730.7,-978067.8
303663.9,-976917.2
304488.1524,-977787.8683
303955.0,-976573.1
302725.3,-976767.9
303622.9,-977322.1
302183.5,-978578.9
302223.4,-977356.6
301863.1,-977514.2
302608.5,-977324.6
302778.1,-977203.5
303313.7,-977166.9
303444.4,-977004.4
301623.0688,-977422.6807
302917.3,-976609.5
303616.0,-976791.5
303016.8,-976510.7
302136.7,-977811.7
302161.9,-978358.3
301793.9,-977937.9
303567.8,-977240.6
302404.7,-977451.0
301590.0,-978129.7
303761.5,-976941.6
304244.6173,-976718.9867
302346.6287,-975875.8235
303177.3,-977152.5
303727.1,-976916.6
302300.5,-976957.8
303395.2,-977039.6
304607.5,-977656.8
303066.0,-977190.1
303503.0,-977014.9
303475.9,-977008.6
302844.1,-977099.8
302490.0,-977833.3
303162.6953,-977159.8043
303567.8,-976750.8
301815.9,-978198.5
302893.2,-976711.1
303698.8,-976896.5
303020.1,-977532.6
303720.3,-977155.4
301678.5,-976228.0
304083.0,-977133.4
303822.5,-976952.8
304098.3,-976995.6
303191.6146,-976742.1185
303334.1,-976920.2
303495.2,-976885.6
303156.6,-977076.7
302570.2,-977509.5
303668.9,-976926.7
303462.5,-977990.3
302337.0,-978578.2
302065.7,-978315.9
301630.8,-978163.9
302790.1,-976804.1
302244.1192,-978687.8368
304120.1,-977306.7
302469.8,-977783.0
302859.4,-977053.8
301515.4,-978500.2
301493.1,-978306.0
302592.3,-976855.6
301640.1,-978238.5
302142.0,-978126.4
303200.9,-976837.4
303122.0,-976664.4
302304.6685,-977832.4785
303112.8,-976677.3
301585.3,-977379.2
303022.1,-977274.0
302921.5,-977197.7
302943.8,-977185.1
302937.0,-977170.7
302481.0,-977363.2
302609.2,-977628.6
303326.6,-977411.9
302779.9,-977183.2
304893.3047,-977734.9887
302273.2,-978025.2
304593.1,-978039.9
303170.6,-977039.6
303562.8,-977876.1
302279.5,-977014.6
303579.3,-976861.3
304233.2,-977290.2
303486.4,-977790.2
302138.5,-977649.5
302138.2,-977653.3
302378.7894,-977592.7629
303881.2,-977610.7
301818.0,-978212.5
304200.9,-976903.6
301890.5,-979095.1
302331.2,-977653.2
302976.6,-976453.8
302310.0,-977760.5
302306.8,-977757.4
301791.3,-978067.7
302311.7,-977760.3
302379.1009,-977840.7427
302312.1,-977761.0
304190.2,-976878.4
301940.3,-977574.0
302621.4,-976760.2
303597.2,-976909.3
303613.3,-976944.0
303607.2,-976935.6
303156.8,-977076.7
302916.1,-976607.3
302442.3,-977679.0
302118.5544,-977681.0839
302387.8,-978966.2
304108.2,-976987.8
304222.9,-976667.6
302700.2,-976910.2
302699.9,-976909.7
303304.3,-977196.7
302320.9,-976817.7
303886.3,-976617.1
302531.5,-977254.1
302583.0,-977252.3
301863.5417,-976094.9469
304576.3,-978062.6
302565.5,-977235.6
302164.5,-977343.0
302651.0,-977619.6
302793.2,-976760.4
303685.1,-977037.9
303700.7,-977124.1
